donor	cell
A	AAACATTGCACTAG
A	AAACATTGGCTAAC
A	AAACATTGTAACCG
A	AAACCGTGTGGTCA
A	AAACCGTGTTACCT
A	AAACGCACACGGGA
A	AAACGCACGTATCG
A	AAACGCACTTCTAC
A	AAACGGCTCATTTC
A	AAACGGCTCCGTTC
A	AAACTTGATCCTTA
A	AAAGACGAATGACC
A	AAAGACGACTAGCA
A	AAAGACGAGGAGCA
A	AAAGACGATCGTTT
A	AAAGAGACCTACGA
A	AAAGAGACGATAGA
A	AAAGATCTGGGCAA
A	AAAGATCTTACAGC
A	AAAGCAGAACCAAC
A	AAAGCAGACCTCCA
A	AAAGCCTGACGGAG
A	AAAGCCTGGTGCTA
A	AAAGCCTGTTGACG
A	AAAGGCCTCGAACT
A	AAAGGCCTGGATTC
A	AAAGGCCTTGACCA
A	AAATACTGAATCGC
A	AAATACTGACCTTT
A	AAATACTGCCAACA
A	AAATACTGCGATAC
A	AAATCCCTAACCAC
A	AAATCCCTCGGGAA
A	AAATCCCTTTTGTC
A	AAATGGGACTAAGC
A	AAATGTTGAGATGA
A	AAATTCGAATTTCC
A	AAATTCGACACTCC
A	AAATTCGATGTCTT
A	AAATTGACCATGCA
A	AAATTGACCTAGCA
A	AAATTGACGAACCT
A	AACAAACTACCTCC
A	AACAATACATCTCT
A	AACACGTGACCATG
A	AACACGTGAGTTCG
A	AACACGTGCCCTTG
A	AACACGTGCCGATA
A	AACACTCTAGCAAA
A	AACACTCTAGGCGA
A	AACAGCACTAGTCG
A	AACATATGCCATAG
A	AACATTGAACTGTG
A	AACCACGAAACAGA
A	AACCACGAAGATGA
A	AACCACGAATGCTG
A	AACCACGACTCCCA
A	AACCCAGACACCAA
A	AACCCAGATGTGAC
A	AACCGATGCTCAAG
A	AACCGCCTGCGTAT
A	AACCGCCTGTTGTG
A	AACCTACTCATTTC
A	AACCTACTGAAGGC
A	AACCTACTGATACC
A	AACCTTACCCTGAA
A	AACCTTACTCTTTG
A	AACCTTTGGTCTTT
A	AACGCAACGGCAAG
A	AACGCAACGGTAAA
A	AACGCATGCCTTCG
A	AACGCATGTCCAGA
A	AACGCCCTCCACCT
A	AACGCCCTGGACGA
A	AACGCCCTGTTGGT
A	AACGCCCTTGGCAT
A	AACGCCCTTTCGGA
A	AACGGTACACACAC
A	AACGGTACCGACAT
A	AACGGTACGTTGGT
A	AACGGTTGAGAAGT
A	AACGGTTGCCACAA
A	AACGGTTGTGCTCC
A	AACGTCGAGCTTCC
A	AACGTCGATACTCT
A	AACGTGTGCCCACT
A	AACGTGTGGTAGCT
A	AACGTGTGTCAGGT
A	AACTACCTCAACCA
A	AACTCACTAAGAGT
A	AACTCACTCGAGTT
A	AACTCACTGTTCTT
A	AACTCACTTGCCAA
A	AACTCTTGGAGGGT
A	AACTGTCTACCAAC
A	AACTGTCTTCGTAG
A	AACTGTCTTCTTAC
A	AACTTGCTATAAGG
A	AACTTGCTGACAAA
A	AACTTGCTTGATGC
A	AACTTGCTTTCTCA
A	AAGAACGACGATAC
A	AAGAACGAGGTAAA
A	AAGACAGAAGTGCT
A	AAGACAGATACAGC
A	AAGAGATGATACCG
A	AAGAGATGCAGATC
A	AAGATGGAACTGTG
A	AAGATGGAGAACTC
A	AAGATTACTGTAGC
A	AAGCAAGAACCGAT
A	AAGCAAGACTGGAT
A	AAGCAAGAGATACC
A	AAGCAAGAGATAGA
A	AAGCAAGAGGTTAC
A	AAGCCAACATTCCT
A	AAGCCAACCGTCTC
A	AAGCCAACTGTCAG
A	AAGCCATGAACCAC
A	AAGCCATGGCGGAA
A	AAGCCATGGTTGAC
A	AAGCCATGGTTTCT
A	AAGCCTGATTTGCT
A	AAGCGACTAGAGTA
A	AAGCGTACATTGGC
A	AAGCGTACGTCACA
A	AAGCGTACTCTTAC
A	AAGGCTACCTGAGT
A	AAGGTCACGTTTCT
A	AAGGTCACTAGCCA
A	AAGGTGCTACACTG
A	AAGGTGCTCAAGCT
A	AAGGTGCTCGAGTT
A	AAGGTGCTCTCTTA
A	AAGTAGGACAAGCT
A	AAGTATACGCCCTT
A	AAGTATACTATGGC
A	AAGTATACTCGACA
A	AAGTCCGATGCTCC
A	AAGTGCACTTATCC
A	AAGTTATGCTCCCA
A	AAGTTATGGAGCAG
A	AAGTTATGTGGCAT
A	AAGTTCCTCTCGAA
A	AAGTTCCTGTCATG
A	AATAACACTGGGAG
A	AATAAGCTGACGGA
A	AATAAGCTGTTACG
A	AATACCCTTCAGTG
A	AATACTGAAACGAA
A	AATACTGATTTCAC
A	AATAGGGACACCAA
A	AATAGGGATGACTG
A	AATATCGACCTGAA
A	AATATCGACTGATG
A	AATATCGATCGTAG
A	AATCAAACGTGAGG
A	AATCAAACGTTCAG
A	AATCAAACTTCATC
A	AATCCGGACCACCT
A	AATCCGGACCTACC
A	AATCCGGATCGCAA
A	AATCCGGATTGGTG
A	AATCCTACTGGGAG
A	AATCCTTGCGAATC
A	AATCGGTGGAGGAC
A	AATCGGTGGCGTAT
A	AATCTAGAATCTCT
A	AATCTCACCTCGAA
A	AATCTCACGTTGTG
A	AATGAGGACCGCTT
A	AATGAGGACGCATA
A	AATGAGGATGCCTC
A	AATGATACAGCACT
A	AATGCGTGGGTGAG
A	AATGCGTGTTTGTC
A	AATGGAGATAGCGT
A	AATGGAGATCAAGC
A	AATGTAACACAGCT
A	AATGTAACTCTCTA
A	AATGTTGAGGACAG
A	AATTCCTGAGAAGT
A	AATTGTGAACGTAC
A	ACAAAGGACTCTCG
A	ACAAAGGAGCGGAA
A	ACAAAGGATGCAAC
A	ACAAATTGCAAGCT
A	ACAAATTGCAGTCA
A	ACAAATTGTCTATC
A	ACAAGAGAGGACAG
A	ACAAGAGATAGAAG
A	ACAATAACTCCGAA
A	ACAATAACTGAACC
A	ACAATAACTGGTTG
A	ACAATAACTGTAGC
A	ACAATCCTAAGCCT
A	ACAATCCTCGAACT
A	ACACAGACCCCAAA
A	ACACAGACCCTGTC
A	ACACAGACGCAAGG
A	ACACAGACTACGCA
A	ACACAGACTGACTG
A	ACACCAGAACGGTT
A	ACACCCTGAGAGAT
A	ACACGAACGGAAGC
A	ACACGATGCCATAG
A	ACACGTGAAATCGC
A	ACAGACACACGGGA
A	ACAGACACTGCTCC
A	ACAGACACTTCCAT
A	ACAGGTACTAGCGT
A	ACAGTCGAATGACC
A	ACAGTCGACTACTT
A	ACAGTCGAGGGTGA
A	ACAGTGACCACTCC
A	ACAGTGACTGCTAG
A	ACAGTGTGACTAGC
A	ACATACCTAACTGC
A	ACATACCTACCATG
A	ACATACCTACCTTT
A	ACATCACTCCGAAT
A	ACATCACTTGTAGC
A	ACATGGTGATTCTC
A	ACATGGTGTAGTCG
A	ACATTCTGGGTATC
A	ACATTCTGGTACCA
A	ACCAACGACAACTG
A	ACCAACGAGTCTGA
A	ACCACAGATGCACA
A	ACCACCTGACACGT
A	ACCACGCTGCCAAT
A	ACCAGCCTGTAGCT
A	ACCAGCCTGTCACA
A	ACCAGCCTGTGTCA
A	ACCAGTGATACAGC
A	ACCAGTGATGGATC
A	ACCAGTGATGTCTT
A	ACCAGTGATTCTGT
A	ACCATTACACCTCC
A	ACCATTACCATGCA
A	ACCATTACGAGGCA
A	ACCATTACGGTGAG
A	ACCATTACTGTTTC
A	ACCATTTGCAACCA
A	ACCATTTGTCCTAT
A	ACCATTTGTGCTGA
A	ACCATTTGTGGTCA
A	ACCCAAGAGCCTTC
A	ACCCAAGATAGCCA
A	ACCCAAGATGGGAG
A	ACCCGTTGGATGAA
A	ACCCGTTGGCTTAG
A	ACCCTCGAGTCATG
A	ACCGAAACCCTTAT
A	ACCGAAACGAAACA
A	ACCGAAACGAATAG
A	ACCGAAACTTCGGA
A	ACCGCGGATCGCAA
A	ACCTATTGAGACTC
A	ACCTATTGCGTCTC
A	ACCTCCGAAGATGA
A	ACCTCGTGCTGTTT
A	ACCTGAGACACAAC
A	ACCTGAGACCTACC
A	ACCTGAGACTGCAA
A	ACCTGGCTATCACG
A	ACCTGGCTCGTGAT
A	ACCTTTGATGCTTT
A	ACGAACACGAGCTT
A	ACGAACACGATAGA
A	ACGAACACGTCATG
A	ACGAAGCTGTCTAG
A	ACGAAGCTTGCTTT
A	ACGACAACGACGAG
A	ACGACAACTGCTAG
A	ACGACCCTCCTGTC
A	ACGAGGGATGCTAG
A	ACGAGTACAAGGGC
A	ACGATCGATACTCT
A	ACGATCGATCCTTA
A	ACGATGACAGGCGA
A	ACGATTCTAGATCC
A	ACGATTCTCACCAA
A	ACGATTCTGTTCTT
A	ACGCAATGAAGTGA
A	ACGCAATGCGACAT
A	ACGCACCTAAAGTG
A	ACGCACCTGAACCT
A	ACGCACCTGTAAAG
A	ACGCACCTGTCATG
A	ACGCACCTTTGCGA
A	ACGCACCTTTGGCA
A	ACGCCACTATCACG
A	ACGCCACTATCGTG
A	ACGCCACTGCCCTT
A	ACGCCTTGCTGTCC
A	ACGCGGTGCTATTC
A	ACGCTCACGAGGGT
A	ACGCTCACTGACAC
A	ACGCTCACTGCCCT
A	ACGCTCACTTCCCG
A	ACGCTGCTTCGATG
A	ACGCTGCTTTTCAC
A	ACGGAGGAAGAGTA
A	ACGGAGGACGCATA
A	ACGGAGGACGGAGA
A	ACGGATTGACGTAC
A	ACGGATTGCGTCTC
A	ACGGATTGGGAAAT
A	ACGGATTGTTTGTC
A	ACGGGAGAACCAGT
A	ACGGGAGACGGTAT
A	ACGGGAGAGTACCA
A	ACGGGAGAGTCTTT
A	ACGGTAACCTGCAA
A	ACGGTAACGTGTTG
A	ACGGTATGCTTAGG
A	ACGGTATGTACAGC
A	ACGGTCCTCCTGTC
A	ACGTAGACTTCTGT
A	ACGTCAGAAATCGC
A	ACGTCAGAAGCATC
A	ACGTCAGATCATTC
A	ACGTCGCTGCAAGG
A	ACGTGATGAGGTCT
A	ACGTGCCTTGCTAG
A	ACGTTACTCCCAAA
A	ACGTTACTCCTACC
A	ACGTTGGACAGGAG
A	ACGTTGGACTATGG
A	ACGTTGGATCGTGA
A	ACTAAAACGCTATG
A	ACTACGGACCTATT
A	ACTACGGAGTTCAG
A	ACTAGGTGGAGGCA
A	ACTATCACACAGCT
A	ACTATCACCCATAG
A	ACTATCACGGCGAA
A	ACTCCCGACGTGAT
A	ACTCCCGATCAGAC
A	ACTCCTCTACCTCC
A	ACTCCTCTGGAGGT
A	ACTCCTCTTGAGGG
A	ACTCGAGAACGACT
A	ACTCGAGAGTTCTT
A	ACTCGAGATTGCGA
A	ACTCGCACCGCTAA
A	ACTCTATGGAGACG
A	ACTCTATGGTAAAG
A	ACTGAGACAGGGTG
A	ACTGAGACGAGACG
A	ACTGTGGATGTTTC
A	ACTGTGGATTCGCC
A	ACTGTTACAGATGA
A	ACTGTTACTATCGG
A	ACTTAAGACCTTTA
A	ACTTAAGAGACGGA
A	ACTTAAGATGTTCT
A	ACTTAGCTATCGGT
A	ACTTCAACCGTTAG
A	ACTTCCCTACTACG
A	ACTTCCCTGCCTTC
A	ACTTCCCTTTCTGT
A	ACTTCTGATGGTTG
A	ACTTGACTCAGTCA
A	ACTTGGGAACCTGA
A	ACTTGGGACACTGA
A	ACTTGTACCTTGCC
A	ACTTTGTGTTTCGT
A	AGAAACGACTGACA
A	AGAAAGTGGCTACA
A	AGAACGCTGTCAAC
A	AGAAGATGAACTGC
A	AGAAGATGGAAGGC
A	AGAAGATGGGACTT
A	AGAATACTACGGAG
A	AGAATACTTAACGC
A	AGAATGGAGTCTAG
A	AGAATGGATCCTGC
A	AGAATGGATTTGGG
A	AGAATTTGAAGCAA
A	AGAATTTGACACAC
A	AGACACACCATGCA
A	AGACACACCCCTTG
A	AGACACACTGCTAG
A	AGACACTGCAGAAA
A	AGACCTGAAGCCTA
A	AGACCTGATTCAGG
A	AGACGTACAGTCTG
A	AGACTCGACACTAG
A	AGACTCGATACGCA
A	AGACTCGATTCTAC
A	AGACTGACGCTGAT
A	AGACTTCTAACCTG
A	AGACTTCTATAAGG
A	AGACTTCTATCACG
A	AGAGAAACGTGCAT
A	AGAGAAACTGGTCA
A	AGAGAATGTTCGCC
A	AGAGATGAAGCGTT
A	AGAGATGAGCGTTA
A	AGAGATGATGTTTC
A	AGAGCGGAACGGAG
A	AGAGCGGATACGAC
A	AGAGTCACCGAGAG
A	AGATATACAAGGGC
A	AGATATACCAGAAA
A	AGATATTGCTTGGA
A	AGATTAACCCTGAA
A	AGATTAACTCTATC
A	AGATTCCTCCTTTA
A	AGCAAAGAAACAGA
A	AGCAAAGACAGAAA
A	AGCAAAGAGTCCTC
A	AGCAAAGATTTGTC
A	AGCAACACCTTGAG
A	AGCAACACGGATTC
A	AGCAACACTGGTCA
A	AGCAACACTTACCT
A	AGCAAGCTGAGGCA
A	AGCAAGCTTGCCAA
A	AGCAAGCTTTGAGC
A	AGCACAACCAGCTA
A	AGCACTGATCCTGC
A	AGCATCGAGTAGCT
A	AGCATGACGTCTAG
A	AGCATGACGTGTTG
A	AGCATTCTCCATAG
A	AGCCAATGTGGAAA
A	AGCCAATGTTCGTT
A	AGCCACCTGAACTC
A	AGCCACCTTTGCAG
A	AGCCGGACGCGTTA
A	AGCCGGACGTAGGG
A	AGCCGGACTCTTCA
A	AGCCGTCTCGACAT
A	AGCCGTCTGACAGG
A	AGCCTCACCGCTAA
A	AGCCTCACTGGTAC
A	AGCGATTGGAGCAG
A	AGCGCCGAAGTTCG
A	AGCGCCGACTCGCT
A	AGCGCCGAGTTCTT
A	AGCGCTCTAGTCGT
A	AGCGCTCTGCAGTT
A	AGCGGCACGGTCAT
A	AGCGGCACTGCTAG
A	AGCGGCACTGTCGA
A	AGCGGCTGGCATAC
A	AGCGGCTGTGGGAG
A	AGCGGGCTCCAGTA
A	AGCGTAACCTCCAC
A	AGCGTAACGATGAA
A	AGCTCGCTTGGCAT
A	AGCTGCCTAAAACG
A	AGCTGCCTCAAAGA
A	AGCTTACTCTTGCC
A	AGCTTTACGTATCG
A	AGGAAATGGGTTAC
A	AGGAAATGGTCTGA
A	AGGAACCTGCGGAA
A	AGGAACCTGGAACG
A	AGGAACCTTAGACC
A	AGGAACCTTCCCGT
A	AGGAATGAAAGTGA
A	AGGAATGAGGACTT
A	AGGACACTGTTCTT
A	AGGACACTTAACCG
A	AGGACACTTCCTCG
A	AGGACTTGAATGCC
A	AGGACTTGACGGGA
A	AGGACTTGACTGTG
A	AGGACTTGCCTCGT
A	AGGACTTGCGGAGA
A	AGGACTTGCTACGA
A	AGGAGTCTCCTCCA
A	AGGAGTCTTTCGTT
A	AGGATAGAGTCACA
A	AGGATAGATAAGGA
A	AGGATAGATGTTTC
A	AGGATAGATTCGCC
A	AGGATGCTCAGTCA
A	AGGATGCTGTGCAT
A	AGGCAACTCCCTTG
A	AGGCAACTTGCCTC
A	AGGCAGGAATCGTG
A	AGGCCTCTGACTAC
A	AGGGACGAAAACAG
A	AGGGACGACAGAAA
A	AGGGACGAGGTCAT
A	AGGGAGTGCCGTTC
A	AGGGCCACCCCAAA
A	AGGGCGCTACCACA
A	AGGGCGCTTCGTTT
A	AGGGTGGAGTCGAT
A	AGGGTTTGCGTAGT
A	AGGGTTTGGCGAGA
A	AGGTACACAGCGGA
A	AGGTACTGTGGAGG
A	AGGTCATGAGCGGA
B	AAACATACAACTGC
B	AAACATACGAGGTG
B	AAACATACGATAGA
B	AAACATTGGAATGA
B	AAACATTGTCATTC
B	AAACATTGTCCGTC
B	AAACCGTGATGGTC
B	AAACCGTGCTCCAC
B	AAACCGTGCTGAGT
B	AAACCGTGGGAACG
B	AAACGCACCTCATT
B	AAACGCACCTCGCT
B	AAACGCACCTGAAC
B	AAACGCACGACGTT
B	AAACGCACGCTACA
B	AAACGCACTAGACC
B	AAACGCTGACACCA
B	AAACGCTGCGAATC
B	AAACGCTGCGTGTA
B	AAACGCTGTCGCCT
B	AAACGGCTCGCTAA
B	AAACGGCTGGACAG
B	AAACGGCTTCACCC
B	AAACGGCTTGCCCT
B	AAACGGCTTGGTGT
B	AAACTTGATCACCC
B	AAACTTGATTGCGA
B	AAAGACGACTGCAA
B	AAAGACGAGGCATT
B	AAAGACGAGGGCAA
B	AAAGACGATATCGG
B	AAAGACGATGATGC
B	AAAGAGACAAGTAG
B	AAAGAGACAGAGTA
B	AAAGAGACCTCATT
B	AAAGATCTATCTTC
B	AAAGATCTGGCATT
B	AAAGATCTGTTACG
B	AAAGCAGACCGATA
B	AAAGCAGATGCCTC
B	AAAGCAGATTCACT
B	AAAGCAGATTGACG
B	AAAGCCTGAAACGA
B	AAAGCCTGACAGTC
B	AAAGCCTGGTCACA
B	AAAGCCTGTCACGA
B	AAAGCCTGTCCTGC
B	AAAGCCTGTTACCT
B	AAAGGCCTCCTACC
B	AAAGGCCTGTACAC
B	AAAGGCCTTCATTC
B	AAAGGCCTTCCAGA
B	AAAGGCCTTGCCAA
B	AAAGGCCTTTCACT
B	AAAGGCCTTTGTGG
B	AAAGTTTGAGTGCT
B	AAAGTTTGGACACT
B	AAAGTTTGGTAAGA
B	AAATACTGATTCCT
B	AAATACTGCAGGAG
B	AAATACTGCCTGAA
B	AAATACTGCGACTA
B	AAATACTGCTTTAC
B	AAATACTGTCCTAT
B	AAATCAACAATCGC
B	AAATCAACACCTCC
B	AAATCAACCATGAC
B	AAATCAACCGCAAT
B	AAATCAACCGTGTA
B	AAATCAACGTTAGC
B	AAATCAACTGAACC
B	AAATCATGAAAACG
B	AAATCATGAAAGTG
B	AAATCATGGACAGG
B	AAATCATGTTCTAC
B	AAATCCCTGACGTT
B	AAATCCCTTAGCGT
B	AAATCCCTTGAAGA
B	AAATCCCTTGTCGA
B	AAATCCCTTTGCTT
B	AAATCTGAACCAGT
B	AAATCTGAAGTCGT
B	AAATCTGACGAACT
B	AAATGGGACAGATC
B	AAATGGGAGTCCTC
B	AAATGTTGACCAGT
B	AAATGTTGATTGGC
B	AAATGTTGCACTCC
B	AAATGTTGCCTGTC
B	AAATGTTGGCGAAG
B	AAATGTTGGTCTTT
B	AAATGTTGTGCTAG
B	AAATTCGAACACAC
B	AAATTCGAATCTTC
B	AAATTCGACGAATC
B	AAATTCGACTGCAA
B	AAATTCGAGCAAGG
B	AAATTCGAGTGTAC
B	AAATTCGATAGTCG
B	AAATTCGATCGCAA
B	AAATTGACCATGCA
B	AAATTGACCGATAC
B	AAATTGACGAGGCA
B	AAATTGACGTCGAT
B	AAATTGACTCTTTG
B	AACAAACTACACGT
B	AACAAACTAGCACT
B	AACAAACTCCACCT
B	AACAAACTCGAGTT
B	AACAAACTGGTACT
B	AACAAACTGTATCG
B	AACAATACAGTTCG
B	AACAATACCGAATC
B	AACAATACCTGGAT
B	AACAATACTAGAGA
B	AACAATACTATGCG
B	AACAATACTTTGGG
B	AACACGTGAGTCGT
B	AACACGTGTTCCCG
B	AACACTCTAAGGTA
B	AACACTCTAGTGTC
B	AACACTCTCATTTC
B	AACACTCTGAGGCA
B	AACACTCTGCCCTT
B	AACACTCTGCTGAT
B	AACACTCTGTGCAT
B	AACAGAGAAAGGCG
B	AACAGAGAACGGTT
B	AACAGAGACCATGA
B	AACAGAGAGAGAGC
B	AACAGAGATAGCGT
B	AACAGCACCCAACA
B	AACAGCACGGCAAG
B	AACAGCACTCGCAA
B	AACAGCACTCGCCT
B	AACATATGACGGTT
B	AACATATGGTAGGG
B	AACATATGGTGCAT
B	AACATATGGTTCAG
B	AACATATGTCAGGT
B	AACATATGTTCTGT
B	AACATTGAAACGGG
B	AACATTGAAGATGA
B	AACATTGAGGCAAG
B	AACATTGATGTCAG
B	AACCACGAAGAAGT
B	AACCACGACATGGT
B	AACCACGAGGTTCA
B	AACCACGATAACGC
B	AACCAGTGAAAGTG
B	AACCAGTGAAGAAC
B	AACCAGTGATGACC
B	AACCAGTGCCCTAC
B	AACCAGTGGACTAC
B	AACCAGTGTACGCA
B	AACCAGTGTGAACC
B	AACCAGTGTGCATG
B	AACCAGTGTGTCCC
B	AACCCAGAAGTAGA
B	AACCCAGAGGCGAA
B	AACCCAGAGTTGAC
B	AACCGATGAAGGTA
B	AACCGATGAGAGAT
B	AACCGATGCTTACT
B	AACCGATGGGTGAG
B	AACCGATGTGAGCT
B	AACCGCCTCGAATC
B	AACCGCCTCGACAT
B	AACCGCCTCGAGTT
B	AACCGCCTGAACCT
B	AACCGCCTGAGGAC
B	AACCGCCTGCTACA
B	AACCTACTTCTTCA
B	AACCTACTTGATGC
B	AACCTTACAGCATC
B	AACCTTACATGTGC
B	AACCTTACCGTAGT
B	AACCTTACGTAGCT
B	AACCTTACGTTGCA
B	AACCTTACTCCAAG
B	AACCTTACTCTCAT
B	AACCTTTGAAGTAG
B	AACCTTTGACCAAC
B	AACCTTTGAGAAGT
B	AACCTTTGCAGGAG
B	AACCTTTGCGGAGA
B	AACCTTTGCGGTAT
B	AACCTTTGGAAAGT
B	AACCTTTGGGTCTA
B	AACCTTTGTAGAAG
B	AACCTTTGTCTTCA
B	AACGCAACAAGAAC
B	AACGCAACCATACG
B	AACGCAACCTTGTT
B	AACGCAACTCACCC
B	AACGCAACTGAGAA
B	AACGCAACTTCATC
B	AACGCATGAGATGA
B	AACGCCCTACTCTT
B	AACGCCCTCTGTTT
B	AACGCCCTCTTCTA
B	AACGCCCTGCAGAG
B	AACGCCCTGCTACA
B	AACGCCCTTTATCC
B	AACGCCCTTTTGGG
B	AACGGTACAAAGTG
B	AACGGTTGAAGTAG
B	AACGGTTGGATAGA
B	AACGTCGACTTCTA
B	AACGTCGAGTAAGA
B	AACGTCGATGAGCT
B	AACGTCGATGGTTG
B	AACGTGTGAGCAAA
B	AACGTTCTAAGATG
B	AACGTTCTACACAC
B	AACGTTCTATGACC
B	AACGTTCTCCGTTC
B	AACGTTCTCGACAT
B	AACGTTCTGAAACA
B	AACGTTCTTCCCAC
B	AACGTTCTTGTTTC
B	AACGTTCTTTCTAC
B	AACTACCTACGGTT
B	AACTACCTACGTGT
B	AACTACCTTCGCCT
B	AACTACCTTGCACA
B	AACTCACTCGAGAG
B	AACTCACTCGTTAG
B	AACTCACTCTGTCC
B	AACTCACTCTGTGA
B	AACTCACTGACGAG
B	AACTCACTGTACGT
B	AACTCACTTAACCG
B	AACTCACTTGCTAG
B	AACTCACTTGCTCC
B	AACTCACTTGTTTC
B	AACTCACTTTCTTG
B	AACTCGGAACCCTC
B	AACTCGGAGGTGTT
B	AACTCGGATTCTGT
B	AACTCTTGCCCAAA
B	AACTCTTGGCGGAA
B	AACTGTCTAGTCGT
B	AACTGTCTATGTCG
B	AACTGTCTCAAAGA
B	AACTGTCTGGAAAT
B	AACTTGCTATCACG
B	AACTTGCTCACACA
B	AACTTGCTGGAGCA
B	AACTTGCTTGTCTT
B	AACTTGCTTTCCAT
B	AAGAACGAAGCATC
B	AAGAAGACATCTTC
B	AAGAAGACGAGACG
B	AAGAAGACGGGTGA
B	AAGAAGACGTTGGT
B	AAGAAGACTTATCC
B	AAGAAGACTTTGGG
B	AAGAATCTAAAGCA
B	AAGAATCTGTCACA
B	AAGACAGAAAACGA
B	AAGACAGAAAAGCA
B	AAGACAGATGGAAA
B	AAGAGATGCGGGAA
B	AAGAGATGGACGGA
B	AAGAGATGGGACAG
B	AAGAGATGTCAGGT
B	AAGAGATGTCTCTA
B	AAGAGATGTTGAGC
B	AAGATGGAAGCAAA
B	AAGATGGAGAATGA
B	AAGATGGAGTTGGT
B	AAGATGGATTTCTG
B	AAGATTACACGCTA
B	AAGATTACAGCAAA
B	AAGATTACCTAGCA
B	AAGATTACGGACTT
B	AAGATTACTTGTCT
B	AAGCAAGAAAGGGC
B	AAGCAAGAAATGCC
B	AAGCAAGAAGAGTA
B	AAGCAAGACCGCTT
B	AAGCAAGACGTACA
B	AAGCAAGACTGATG
B	AAGCAAGATTGTGG
B	AAGCACTGACGGGA
B	AAGCACTGCAGAAA
B	AAGCACTGCTCAGA
B	AAGCACTGTTTCGT
B	AAGCCAACGGTTTG
B	AAGCCAACGTATGC
B	AAGCCATGAGCAAA
B	AAGCCATGTTACTC
B	AAGCCATGTTGAGC
B	AAGCCTGAAGTCAC
B	AAGCCTGATACGCA
B	AAGCCTGATGGCAT
B	AAGCGACTAAGTGA
B	AAGCGACTAGCACT
B	AAGCGACTCAAGCT
B	AAGCGTACAACGGG
B	AAGCGTACCAGCTA
B	AAGCGTACCGTACA
B	AAGGCTACACACTG
B	AAGGCTACCGCATA
B	AAGGCTTGATCTTC
B	AAGGCTTGCCGATA
B	AAGGTCACCAATCG
B	AAGGTCACCACTAG
B	AAGGTCACGACACT
B	AAGGTCACGGATTC
B	AAGGTCACTGTGAC
B	AAGGTCACTTCTCA
B	AAGGTCACTTCTGT
B	AAGGTCTGAGCTCA
B	AAGGTCTGCGACTA
B	AAGGTGCTACGACT
B	AAGGTGCTCCTCAC
B	AAGGTGCTTCCCGT
B	AAGTAACTCTTTAC
B	AAGTAACTGGACTT
B	AAGTAACTGGTATC
B	AAGTAACTGTTAGC
B	AAGTAGGAAAAAGC
B	AAGTAGGACCGTTC
B	AAGTAGGATAAGGA
B	AAGTAGGATCTCCG
B	AAGTAGGATTTGCT
B	AAGTATACACGTGT
B	AAGTATACATAAGG
B	AAGTATACCGGAGA
B	AAGTATACGATGAA
B	AAGTATACGTTTGG
B	AAGTCCGAGAGGGT
B	AAGTCCGAGGTAGG
B	AAGTCCGATATGGC
B	AAGTCTCTACCTGA
B	AAGTCTCTCCCTTG
B	AAGTCTCTCGCAAT
B	AAGTCTCTGGATTC
B	AAGTCTCTGGTGAG
B	AAGTCTCTTCAGAC
B	AAGTCTCTTCTATC
B	AAGTCTCTTTATCC
B	AAGTGCACCGCCTT
B	AAGTGCACGTAGGG
B	AAGTGCACTACGCA
B	AAGTGGCTCTAGAC
B	AAGTTATGTACGAC
B	AAGTTATGTTGCTT
B	AAGTTCCTACCCTC
B	AATAACACAACGTC
B	AATAACACCAACTG
B	AATAACACCTACTT
B	AATAACACCTGAAC
B	AATAACACGACGGA
B	AATAACACGCTATG
B	AATAACACGGTGTT
B	AATAACACTAAGCC
B	AATAACACTCAGTG
B	AATAACACTCATTC
B	AATAACACTGCCTC
B	AATAAGCTAACCTG
B	AATAAGCTAGAATG
B	AATAAGCTCGTCTC
B	AATAAGCTGATACC
B	AATAAGCTGTACCA
B	AATACCCTAGCAAA
B	AATACCCTGAATAG
B	AATACCCTGAGACG
B	AATACTGAACACCA
B	AATACTGAACCACA
B	AATACTGAACGCAT
B	AATACTGAAGTAGA
B	AATACTGACGCATA
B	AATACTGAGCATAC
B	AATACTGATCCCGT
B	AATACTGATGAGGG
B	AATACTGATGCCTC
B	AATAGGGAATCTTC
B	AATAGGGAATGTGC
B	AATAGGGATACGAC
B	AATAGGGATAGCCA
B	AATATCGACACTCC
B	AATATCGACTGATG
B	AATATCGAGAGCAG
B	AATATCGAGCTGAT
B	AATATCGATTCTCA
B	AATCAAACACCTGA
B	AATCAAACACGCTA
B	AATCAAACCTTACT
B	AATCAAACCTTGAG
B	AATCAAACTATGGC
B	AATCAAACTCCTGC
B	AATCAAACTGGAGG
B	AATCAAACTTCGTT
B	AATCCGGAAACCAC
B	AATCCGGAACACTG
B	AATCCGGACCAGTA
B	AATCCGGACGGTAT
B	AATCCGGAGCGAGA
B	AATCCGGAGCTTAG
B	AATCCGGATAACGC
B	AATCCGGATGAGAA
B	AATCCGGATGTGCA
B	AATCCGGATTACCT
B	AATCCTACAGAATG
B	AATCCTACCAGAGG
B	AATCCTACCGAATC
B	AATCCTACGGAAGC
B	AATCCTACGTGTCA
B	AATCCTACTCAGAC
B	AATCCTTGACGACT
B	AATCCTTGGGTTAC
B	AATCGGTGATGGTC
B	AATCGGTGCGGGAA
B	AATCGGTGGTTGAC
B	AATCGGTGTACGCA
B	AATCTAGAACCACA
B	AATCTAGACACAAC
B	AATCTAGACTGCTC
B	AATCTAGATAGCGT
B	AATCTAGATTAGGC
B	AATCTCACCAACCA
B	AATCTCACGAATGA
B	AATCTCACGAGGCA
B	AATCTCACGTTGCA
B	AATCTCACTGCAAC
B	AATCTCTGGACAAA
B	AATGAGGAACTGTG
B	AATGAGGAATGTCG
B	AATGAGGACAGAGG
B	AATGAGGACTCAAG
B	AATGAGGAGATAAG
B	AATGAGGATCGCCT
B	AATGATACAAACGA
B	AATGATACACAGCT
B	AATGATACGGCGAA
B	AATGATACGGTAGG
B	AATGCGTGGAAGGC
B	AATGCGTGGAGGCA
B	AATGCGTGGCGAAG
B	AATGCGTGTCTATC
B	AATGCGTGTGAGGG
B	AATGCGTGTTCTCA
B	AATGGAGAACCGAT
B	AATGGAGACAGTCA
B	AATGGAGACCTAAG
B	AATGGAGATGAGAA
B	AATGGCTGAAGGGC
B	AATGGCTGTGGTTG
B	AATGGCTGTTTGGG
B	AATGTAACAAAGCA
B	AATGTAACAGAGAT
B	AATGTAACGTATCG
B	AATGTAACGTTGAC
B	AATGTCCTCTTAGG
B	AATGTTGAACCAAC
B	AATGTTGAACTGTG
B	AATGTTGACCGTTC
B	AATGTTGAGAGACG
B	AATGTTGAGTCAAC
B	AATGTTGAGTGCTA
B	AATGTTGATGTGAC
B	AATTACGACCTTAT
B	AATTACGAGGCAAG
B	AATTCCTGATTCCT
B	AATTCCTGCGTAGT
B	AATTCCTGCTAGAC
B	AATTCCTGCTTGGA
B	AATTCCTGGTGTCA
B	AATTCCTGGTGTTG
B	AATTGATGAGGCGA
B	AATTGATGGACAAA
B	AATTGATGGCATAC
B	AATTGATGGGCGAA
B	AATTGATGGTCGAT
B	AATTGATGTGCCCT
B	AATTGATGTGTGGT
B	AATTGTGACGTACA
B	AATTGTGACTAGTG
B	AATTGTGACTGGAT
B	AATTGTGAGAACCT
B	AATTGTGAGACAGG
B	AATTGTGATGTCGA
B	ACAAAGGAATCGAC
B	ACAAAGGAGGTTCA
B	ACAAAGGATGGTCA
B	ACAAAGGATTCAGG
B	ACAAATTGGCATAC
B	ACAAATTGTTCAGG
B	ACAACCGAAAGAAC
B	ACAACCGAGCGAAG
B	ACAAGAGAGTCCTC
B	ACAAGCACCGCCTT
B	ACAAGCACGCTGAT
B	ACAATAACTTCTCA
B	ACAATCCTCGACTA
B	ACAATCCTGTCGTA
B	ACAATCCTTCTACT
B	ACAATCCTTCTCGC
B	ACAATCCTTTACCT
B	ACAATTGACATTCT
B	ACAATTGACATTGG
B	ACAATTGAGCAGTT
B	ACAATTGATATGCG
B	ACACAGACACCAAC
B	ACACAGACAGAATG
B	ACACAGACGAAAGT
B	ACACAGACTCGATG
B	ACACATCTCCAACA
B	ACACATCTCCAGTA
B	ACACATCTCCCACT
B	ACACATCTCTAGTG
B	ACACATCTCTGTGA
B	ACACATCTTGTAGC
B	ACACCAGAACCGAT
B	ACACCAGAATACCG
B	ACACCAGACTATTC
B	ACACCAGACTTGCC
B	ACACCAGAGAGCAG
B	ACACCAGAGCAGAG
B	ACACCAGAGTACAC
B	ACACCAGAGTGTTG
B	ACACCAGAGTTTCT
B	ACACCCTGAAGTGA
B	ACACCCTGACACTG
B	ACACCCTGAGCCAT
B	ACACCCTGCAGGAG
B	ACACCCTGCTTGTT
B	ACACCCTGGCAGTT
B	ACACCCTGGCTATG
B	ACACCCTGTAAGGA
B	ACACGAACCAGAAA
B	ACACGAACCTAGTG
B	ACACGAACGGGCAA
B	ACACGATGAAACGA
B	ACACGATGAGCGTT
B	ACACGATGATCGAC
B	ACACGATGATGTGC
B	ACACGATGCTCCAC
B	ACACGATGGGATCT
B	ACACGATGTCTCAT
B	ACACGTGAAAGTAG
B	ACACGTGAACGGGA
B	ACACGTGACTTGAG
B	ACACGTGAGAGCAG
B	ACACGTGAGAGGTG
B	ACACGTGAGCGTAT
B	ACACGTGAGTTCGA
B	ACACGTGATCGACA
B	ACACGTGATGAAGA
B	ACAGACACAAGTAG
B	ACAGACACACGCAT
B	ACAGACACAGGTTC
B	ACAGACACCAAAGA
B	ACAGACACGCGAGA
B	ACAGACACTCTGGA
B	ACAGCAACCCAATG
B	ACAGCAACTCTTCA
B	ACAGGTACAAGGCG
B	ACAGGTACAGGCGA
B	ACAGGTACTGGTGT
B	ACAGGTACTTCCAT
B	ACAGGTACTTTCGT
B	ACAGTCGAACCACA
B	ACAGTCGAAGCCAT
B	ACAGTCGACCCTCA
B	ACAGTGACATAAGG
B	ACAGTGACCGTGTA
B	ACAGTGACTACTGG
B	ACAGTGACTAGACC
B	ACAGTGACTGTGCA
B	ACAGTGACTTACCT
B	ACAGTGACTTCCAT
B	ACAGTGTGATCACG
B	ACAGTGTGTGACAC
B	ACAGTTCTAAGCCT
B	ACAGTTCTCCTCCA
B	ACAGTTCTCTATTC
B	ACAGTTCTCTGAAC
B	ACAGTTCTCTGGTA
B	ACAGTTCTGACTAC
B	ACAGTTCTTCCAAG
B	ACAGTTCTTCTCGC
B	ACATACCTCATGCA
B	ACATACCTTTGCGA
B	ACATCACTACCCAA
B	ACATCACTGGCAAG
B	ACATCACTGGTCTA
B	ACATGGTGAGTACC
B	ACATGGTGCAACCA
B	ACATGGTGCTTGCC
B	ACATGGTGGAAGGC
B	ACATGGTGGCTGTA
B	ACATGGTGGGGTGA
B	ACATGGTGTATCGG
B	ACATGGTGTTTCTG
B	ACATTCTGCTCCCA
B	ACATTCTGGTTTGG
B	ACATTCTGTGAACC
B	ACCAACGAAAACGA
B	ACCAACGATCACCC
B	ACCACAGAAGAGGC
B	ACCACAGACCTGTC
B	ACCACAGACTGTGA
B	ACCACAGATCACCC
B	ACCACCTGAGTACC
B	ACCACCTGCATCAG
B	ACCACCTGCTGGAT
B	ACCACCTGTGGCAT
B	ACCACGCTACTAGC
B	ACCACGCTGTTGTG
B	ACCACGCTTACTCT
B	ACCAGCCTACAGTC
B	ACCAGCCTACCCTC
B	ACCAGCCTATGGTC
B	ACCAGCCTCAGCTA
B	ACCAGCCTGGAGTG
B	ACCAGCCTTTATCC
B	ACCAGTGAAAAGCA
B	ACCAGTGAAATGCC
B	ACCAGTGAACCTTT
B	ACCAGTGATGTGGT
B	ACCATTACAATCGC
B	ACCATTACCGTTAG
B	ACCATTACCTCAGA
B	ACCATTACCTCATT
B	ACCATTACCTCCAC
B	ACCATTACGCGATT
B	ACCATTTGAACTGC
B	ACCATTTGACGACT
B	ACCATTTGAGCTAC
B	ACCATTTGATCGAC
B	ACCATTTGCTTGGA
B	ACCCAAGAAGGTCT
B	ACCCAAGATCAGGT
B	ACCCACTGGGCAAG
B	ACCCACTGTGCCTC
B	ACCCAGCTCGCCTT
B	ACCCAGCTGAATCC
B	ACCCAGCTGGTTTG
B	ACCCGTACAAAGTG
B	ACCCGTACAACCTG
B	ACCCGTACACGTGT
B	ACCCGTACCCAAGT
B	ACCCGTACCCGATA
B	ACCCGTACTATCGG
B	ACCCGTACTTCTAC
B	ACCCGTTGACTGGT
B	ACCCGTTGCGTGAT
B	ACCCTCGAACGTGT
B	ACCCTCGAATGTGC
B	ACCCTCGAGTGTCA
B	ACCCTCGATGCAAC
B	ACCGAAACCATGGT
B	ACCGCGGAATGTCG
B	ACCGCGGACCTACC
B	ACCGCGGATTCATC
B	ACCGTGCTCTGCAA
B	ACCGTGCTCTGGAT
B	ACCGTGCTTGCTAG
B	ACCTATTGCACACA
B	ACCTATTGGGTCAT
B	ACCTATTGGTGTTG
B	ACCTCCGAAGAGGC
B	ACCTCCGAATCGGT
B	ACCTCCGACTTCCG
B	ACCTCCGATGACAC
B	ACCTCGTGACTAGC
B	ACCTCGTGGGATTC
B	ACCTCGTGTACGCA
B	ACCTCGTGTCTTCA
B	ACCTGAGAAGCCAT
B	ACCTGGCTACCTTT
B	ACCTGGCTAGCCAT
B	ACCTGGCTGCTTCC
B	ACCTTTGAAAGAGT
B	ACCTTTGACTGCAA
B	ACCTTTGAGTGTCA
B	ACCTTTGATGGAAA
B	ACGAACACCGCTAA
B	ACGAACACTTTACC
B	ACGAACTGGGTACT
B	ACGAACTGGTTCTT
B	ACGAACTGTTGCGA
B	ACGAAGCTAGTCAC
B	ACGAAGCTCATTGG
B	ACGAAGCTCCTTTA
B	ACGAAGCTCGCATA
B	ACGAAGCTGCTGAT
B	ACGACAACACCATG
B	ACGACAACATGCTG
B	ACGACAACCCCAAA
B	ACGACAACCCTGAA
B	ACGACAACCTTCGC
B	ACGACAACGTAGGG
B	ACGACAACTCCTAT
B	ACGACCCTACACGT
B	ACGACCCTTATTCC
B	ACGAGGGAATGGTC
B	ACGAGGGAGCGATT
B	ACGAGGGAGTCCTC
B	ACGAGTACATTCTC
B	ACGAGTACCGCAAT
B	ACGAGTACTCCAGA
B	ACGAGTACTGAGCT
B	ACGAGTACTGGTTG
B	ACGATCGAAAGCCT
B	ACGATCGACGCAAT
B	ACGATCGAGAGACG
B	ACGATCGATCTCAT
B	ACGATGACACACTG
B	ACGATGACCTCGCT
B	ACGATGACGGACGA
B	ACGATGACTATTCC
B	ACGATGACTCTGGA
B	ACGATGACTTCTAC
B	ACGATTCTAAGTGA
B	ACGATTCTCAACTG
B	ACGATTCTCTATGG
B	ACGATTCTCTCTCG
B	ACGATTCTCTGTTT
B	ACGATTCTGTAGCT
B	ACGATTCTTCTCGC
B	ACGCAATGAACCAC
B	ACGCAATGACTGTG
B	ACGCAATGAGCGTT
B	ACGCAATGATTTCC
B	ACGCAATGCCCTTG
B	ACGCAATGCTTACT
B	ACGCAATGGCGTTA
B	ACGCAATGTATTCC
B	ACGCACCTACCTCC
B	ACGCACCTCTTAGG
B	ACGCACCTCTTGGA
B	ACGCACCTGTTGGT
B	ACGCACCTTATGGC
B	ACGCCACTACGTAC
B	ACGCCACTCCTTAT
B	ACGCCACTCCTTTA
B	ACGCCACTGCCAAT
B	ACGCCACTGCTACA
B	ACGCCACTGTCCTC
B	ACGCCACTTATTCC
B	ACGCCGGAACTAGC
B	ACGCCGGAAGATGA
B	ACGCCGGAATTCCT
B	ACGCCGGACTGGAT
B	ACGCCGGACTTGAG
B	ACGCCGGAGTCGTA
B	ACGCCGGAGTTTCT
B	ACGCCGGATGTGAC
B	ACGCCTTGAAGCCT
B	ACGCCTTGATGTCG
B	ACGCCTTGCGTAAC
B	ACGCCTTGGGTTTG
B	ACGCCTTGGTCTGA
B	ACGCCTTGTGCAGT
B	ACGCCTTGTTTGCT
B	ACGCGGTGCACTTT
B	ACGCGGTGTTGTCT
B	ACGCTCACACACGT
B	ACGCTCACAGAACA
B	ACGCTCACGAGACG
B	ACGCTGCTACCCAA
B	ACGCTGCTCCTGTC
B	ACGCTGCTCTCGCT
B	ACGCTGCTCTGTGA
B	ACGCTGCTGGAACG
B	ACGCTGCTGGCATT
B	ACGCTGCTTCCTAT
B	ACGCTGCTTGCTAG
B	ACGCTGCTTGTCCC
B	ACGCTGCTTTACTC
B	ACGCTGCTTTGAGC
B	ACGGAACTACACAC
B	ACGGAACTCGACAT
B	ACGGAACTCTCAAG
B	ACGGAACTCTTACT
B	ACGGAACTTCGCTC
B	ACGGAACTTGTCGA
B	ACGGAACTTTTCGT
B	ACGGAGGAAACGAA
B	ACGGAGGAAGAACA
B	ACGGAGGACTGATG
B	ACGGAGGAGCTCCT
B	ACGGAGGAGTACAC
B	ACGGAGGAGTACCA
B	ACGGAGGATTTACC
B	ACGGATTGGCTGAT
B	ACGGATTGTCACGA
B	ACGGCGTGACTTTC
B	ACGGCGTGAGAATG
B	ACGGCGTGAGTGTC
B	ACGGCGTGTCAAGC
B	ACGGCTCTAACGGG
B	ACGGCTCTCCCTTG
B	ACGGGAGAACCATG
B	ACGGGAGACCTCGT
B	ACGGGAGATCGTTT
B	ACGGTAACACTGTG
B	ACGGTAACCATCAG
B	ACGGTAACCTCTAT
B	ACGGTAACGAGCTT
B	ACGGTAACGGAGGT
B	ACGGTAACGTGCTA
B	ACGGTAACTCTCTA
B	ACGGTAACTGTCGA
B	ACGGTATGACACCA
B	ACGGTATGATGCTG
B	ACGGTATGCCTCCA
B	ACGGTATGCGATAC
B	ACGGTATGGGACGA
B	ACGGTCCTGCTCCT
B	ACGGTCCTGTCATG
B	ACGGTCCTGTTTCT
B	ACGGTCCTTACAGC
B	ACGGTCCTTCATTC
B	ACGTAGACAGTGCT
B	ACGTAGACCTCGCT
B	ACGTAGACGCCCTT
B	ACGTCAGAACGCTA
B	ACGTCAGAATAAGG
B	ACGTCAGACAGTTG
B	ACGTCAGATCAGAC
B	ACGTCAGATCGATG
B	ACGTCAGATCTCAT
B	ACGTCAGATTTGTC
B	ACGTCCTGCTAGTG
B	ACGTCCTGCTGAGT
B	ACGTCCTGCTTGCC
B	ACGTCCTGTCGCCT
B	ACGTCGCTCATTCT
B	ACGTGATGAACCGT
B	ACGTGATGATCGGT
B	ACGTGATGCGTCTC
B	ACGTGATGCTCGAA
B	ACGTGATGGCAGTT
B	ACGTGATGGGAAAT
B	ACGTGATGGTTGCA
B	ACGTGATGTCTACT
B	ACGTGATGTCTCAT
B	ACGTGATGTGGGAG
B	ACGTGCCTAAGAAC
B	ACGTGCCTCCAAGT
B	ACGTGCCTCCGTTC
B	ACGTGCCTGTACCA
B	ACGTGCCTGTATCG
B	ACGTGCCTTTACCT
B	ACGTTACTAGTTCG
B	ACGTTACTCGTGAT
B	ACGTTACTCTGACA
B	ACGTTACTCTTGCC
B	ACGTTACTGTTGTG
B	ACGTTACTTTCCAT
B	ACGTTGGAGGAACG
B	ACGTTGGAGTAGGG
B	ACGTTGGAGTTGGT
B	ACGTTGGATCCCAC
B	ACGTTGGATGAAGA
B	ACGTTGGATTGGTG
B	ACGTTTACCAACCA
B	ACGTTTACCCAGTA
B	ACGTTTACCTGATG
B	ACGTTTACCTGCTC
B	ACGTTTACGGTATC
B	ACTAAAACAACCTG
B	ACTAAAACAGCGGA
B	ACTAAAACAGTTCG
B	ACTAAAACCTTGCC
B	ACTAAAACGTGCTA
B	ACTAAAACGTTTGG
B	ACTAAAACTAGAGA
B	ACTAAAACTCGTAG
B	ACTAAAACTGAACC
B	ACTAAAACTGTGAC
B	ACTACGGAAACAGA
B	ACTACGGACTTATC
B	ACTACGGATCAGAC
B	ACTACGGATCTGGA
B	ACTACGGATTCGGA
B	ACTACTACACACCA
B	ACTACTACACTGTG
B	ACTACTACTACGAC
B	ACTACTACTCCCGT
B	ACTACTACTTTACC
B	ACTAGGTGGTAGCT
B	ACTATCACAGAGGC
B	ACTATCACCTCATT
B	ACTATCACCTTCGC
B	ACTATCACGGACGA
B	ACTCAGGAACCCAA
B	ACTCAGGAAGAGGC
B	ACTCAGGAGATGAA
B	ACTCAGGAGCTTCC
B	ACTCAGGAGTTCTT
B	ACTCAGGATTCGCC
B	ACTCAGGATTGTCT
B	ACTCCCGAGCAAGG
B	ACTCCCGAGTTCTT
B	ACTCCCGATTGACG
B	ACTCCTCTAGATGA
B	ACTCCTCTATTCGG
B	ACTCCTCTCAGCTA
B	ACTCCTCTTAAGCC
B	ACTCCTCTTCAGAC
B	ACTCCTCTTCTATC
B	ACTCGAGAAAAACG
B	ACTCGAGAACTGGT
B	ACTCGAGAATCTCT
B	ACTCGAGAATGCTG
B	ACTCGAGAATTCTC
B	ACTCGAGACAACTG
B	ACTCGAGACACAAC
B	ACTCGAGAGAGCAG
B	ACTCGAGAGCGAAG
B	ACTCGAGAGGGATG
B	ACTCGAGAGTTGTG
B	ACTCGAGATCAGTG
B	ACTCGCACATGGTC
B	ACTCGCACGTGTAC
B	ACTCGCACGTTACG
B	ACTCGCACTCGTAG
B	ACTCGCACTGGCAT
B	ACTCGCACTTCGGA
B	ACTCTATGAACGGG
B	ACTCTATGGTAAGA
B	ACTCTCCTACAGTC
B	ACTCTCCTTCACGA
B	ACTGAGACAAACAG
B	ACTGAGACAAGATG
B	ACTGAGACAGTAGA
B	ACTGAGACGGTACT
B	ACTGAGACTGCTAG
B	ACTGAGACTGGTGT
B	ACTGCCACACACGT
B	ACTGCCACAGGTCT
B	ACTGCCACATTCGG
B	ACTGCCACCTGACA
B	ACTGCCACGCTACA
B	ACTGCCACTCAAGC
B	ACTGCCACTGTCAG
B	ACTGCCACTGTTTC
B	ACTGCCACTTGAGC
B	ACTGCCACTTGCAG
B	ACTGCCTGACGTGT
B	ACTGCCTGTTCGTT
B	ACTGGCCTAAAGTG
B	ACTGGCCTAAGATG
B	ACTGGCCTGACTAC
B	ACTGGCCTTGAAGA
B	ACTGTGGAATTGGC
B	ACTGTGGATGACCA
B	ACTGTTACACTTTC
B	ACTGTTACCCACAA
B	ACTGTTACCTCAGA
B	ACTGTTACGGAGGT
B	ACTGTTACGGTGTT
B	ACTGTTACTCGTTT
B	ACTGTTACTTGCAG
B	ACTTAAGAACCAGT
B	ACTTAAGAAGCCAT
B	ACTTAAGACCGCTT
B	ACTTAAGATGAGAA
B	ACTTAAGATGCGTA
B	ACTTAGCTATCACG
B	ACTTAGCTATTTCC
B	ACTTAGCTCCCTAC
B	ACTTAGCTCCTCAC
B	ACTTAGCTGCAGAG
B	ACTTAGCTGCTTCC
B	ACTTAGCTGTCAAC
B	ACTTCAACACGGGA
B	ACTTCAACATGGTC
B	ACTTCAACATGTCG
B	ACTTCAACCATTGG
B	ACTTCAACCCGCTT
B	ACTTCAACCTAGAC
B	ACTTCCCTACGGTT
B	ACTTCCCTCAGTCA
B	ACTTCCCTCTTGAG
B	ACTTCCCTGCATCA
B	ACTTCTGACTATTC
B	ACTTCTGAGTTGCA
B	ACTTGACTACGTGT
B	ACTTGACTGCATAC
B	ACTTGACTGGATCT
B	ACTTGACTGGTTAC
B	ACTTGACTTGTGAC
B	ACTTGGGAAACGGG
B	ACTTGGGAACCATG
B	ACTTGGGACAACCA
B	ACTTGGGAGGTAAA
B	ACTTGTACCATGGT
B	ACTTGTACGGAAAT
B	ACTTGTACTCAAGC
B	ACTTGTACTCCCGT
B	ACTTGTACTCCGTC
B	ACTTGTACTTTGGG
B	ACTTTGTGACCATG
B	ACTTTGTGATCTTC
B	ACTTTGTGCAAAGA
B	ACTTTGTGCCCACT
B	ACTTTGTGGGAACG
B	ACTTTGTGGGAGGT
B	ACTTTGTGGGCAAG
B	AGAAACGACACTAG
B	AGAAACGAGGAAGC
B	AGAAAGTGAAAACG
B	AGAAAGTGATCGGT
B	AGAAAGTGCCATGA
B	AGAAAGTGGGAGTG
B	AGAAAGTGTAACGC
B	AGAAAGTGTCTCTA
B	AGAAAGTGTGACTG
B	AGAACAGATCGCTC
B	AGAACGCTATGACC
B	AGAACGCTGGTCAT
B	AGAACGCTGTTGAC
B	AGAACGCTGTTTCT
B	AGAAGATGAGAGGC
B	AGAAGATGCCTCAC
B	AGAAGATGCCTCGT
B	AGAAGATGGGCGAA
B	AGAAGATGTCTATC
B	AGAATACTATGCCA
B	AGAATACTCCCACT
B	AGAATACTGGCATT
B	AGAATACTTAGAAG
B	AGAATACTTTTCTG
B	AGAATGGACTGAAC
B	AGAATGGAGAGGGT
B	AGAATGGATCTGGA
B	AGAATTTGGCCAAT
B	AGAATTTGTCCAGA
B	AGACACACCTGATG
B	AGACACACGCGGAA
B	AGACACACGTCCTC
B	AGACACTGATTTCC
B	AGACACTGGATAAG
B	AGACCTGAAGCGTT
B	AGACCTGAATGTCG
B	AGACCTGACTCAGA
B	AGACCTGACTTGGA
B	AGACCTGATCTCGC
B	AGACGTACGTAAGA
B	AGACGTACTCCCAC
B	AGACTCGAAACGAA
B	AGACTCGAATTTCC
B	AGACTCGACCTACC
B	AGACTCGAGCTCCT
B	AGACTCGATGACAC
B	AGACTCGATTGCTT
B	AGACTGACACGTGT
B	AGACTGACAGTAGA
B	AGACTGACCCTAAG
B	AGACTGACCGTAAC
B	AGACTGACCTCAAG
B	AGACTGACGGACAG
B	AGACTGACTTTACC
B	AGACTTCTATCGAC
B	AGACTTCTCGGTAT
B	AGACTTCTCTGCAA
B	AGACTTCTGAGGTG
B	AGACTTCTGGACAG
B	AGACTTCTGGAGCA
B	AGAGAAACAATCGC
B	AGAGAAACACGGGA
B	AGAGAAACCCAAGT
B	AGAGAAACGTTTCT
B	AGAGAATGACAGCT
B	AGAGAATGACCCAA
B	AGAGAATGACCCTC
B	AGAGAATGATTGGC
B	AGAGAATGCTATGG
B	AGAGAATGGACACT
B	AGAGAATGGCTACA
B	AGAGAATGTTCCCG
B	AGAGATGACCAGTA
B	AGAGATGACCTTCG
B	AGAGATGACTACCC
B	AGAGATGAGATACC
B	AGAGATGATACTGG
B	AGAGCGGAGCCAAT
B	AGAGCGGAGCGATT
B	AGAGCGGAGTCCTC
B	AGAGCGGATTCAGG
B	AGAGCTACAGTCGT
B	AGAGCTACCGAATC
B	AGAGCTACCGACAT
B	AGAGCTACGGTCAT
B	AGAGGTCTCCTCCA
B	AGAGGTCTGACTAC
B	AGAGGTCTGCGGAA
B	AGAGGTCTGTTCGA
B	AGAGGTCTTCACCC
B	AGAGGTCTTTCGCC
B	AGAGGTCTTTGTCT
B	AGAGTCACAGGTTC
B	AGAGTCTGAAAAGC
B	AGAGTCTGAACGGG
B	AGAGTCTGAGCAAA
B	AGAGTCTGAGTTCG
B	AGAGTCTGCATTCT
B	AGAGTCTGCCTTCG
B	AGAGTCTGGCTCCT
B	AGAGTCTGGGCAAG
B	AGAGTGCTGTTTCT
B	AGAGTGCTTGGTAC
B	AGATATACAAGAAC
B	AGATATACCCTTCG
B	AGATATACCTGCTC
B	AGATATACTCTCAT
B	AGATATTGCAGTCA
B	AGATATTGCAGTTG
B	AGATATTGCCATAG
B	AGATATTGCCGCTT
B	AGATCGTGCCAGTA
B	AGATCGTGGGAAAT
B	AGATCGTGGTCATG
B	AGATCGTGTCCGTC
B	AGATCTCTAACTGC
B	AGATCTCTACCATG
B	AGATCTCTCCTTAT
B	AGATCTCTCGGTAT
B	AGATCTCTCTGTTT
B	AGATCTCTTACGAC
B	AGATTAACAACGAA
B	AGATTAACACCTAG
B	AGATTAACCATTTC
B	AGATTAACGTGCTA
B	AGATTAACGTTGGT
B	AGATTCCTATGACC
B	AGATTCCTCGTACA
B	AGATTCCTGTATCG
B	AGATTCCTTCCTCG
B	AGATTCCTTCGTGA
B	AGCAAAGACGCTAA
B	AGCAAAGAGTACCA
B	AGCAACACACGGGA
B	AGCAACACATTCCT
B	AGCAACACCCGAAT
B	AGCAACACCTCAGA
B	AGCAACACGCGTAT
B	AGCAACACTCTTTG
B	AGCAACACTGCCTC
B	AGCAACACTGCTTT
B	AGCAAGCTCGCCTT
B	AGCAAGCTTAGAGA
B	AGCAAGCTTTCGTT
B	AGCACAACAGAACA
B	AGCACAACGACAGG
B	AGCACAACTGCTCC
B	AGCACAACTTACCT
B	AGCACTGAACTCTT
B	AGCACTGACATGGT
B	AGCACTGAGCCTTC
B	AGCACTGAGCGATT
B	AGCACTGATTACCT
B	AGCATCGAAACGTC
B	AGCATCGAGAAAGT
B	AGCATCGAGGTTCA
B	AGCATGACATCTTC
B	AGCATGACGACAGG
B	AGCATGACGACTAC
B	AGCATGACTGTCCC
B	AGCATTCTAAGAAC
B	AGCATTCTCATGCA
B	AGCATTCTGTAGGG
B	AGCCAATGCATTGG
B	AGCCAATGCCACCT
B	AGCCAATGGCCAAT
B	AGCCACCTAAACGA
B	AGCCACCTAGACTC
B	AGCCACCTAGCATC
B	AGCCACCTCCAATG
B	AGCCACCTCTTGTT
B	AGCCACCTTAAGGA
B	AGCCACCTTAGAAG
B	AGCCACCTTTTCAC
B	AGCCGGACACCCAA
B	AGCCGGACTAACCG
B	AGCCGGACTCGCAA
B	AGCCGGACTTCTGT
B	AGCCGGTGCAGAAA
B	AGCCGGTGTGTCGA
B	AGCCGTCTACTCAG
B	AGCCGTCTATTCCT
B	AGCCGTCTGTATGC
B	AGCCTCACAGCATC
B	AGCCTCACAGGAGC
B	AGCCTCACATTTCC
B	AGCCTCACCTGTGA
B	AGCCTCACGAGGGT
B	AGCCTCACTGCCCT
B	AGCCTCTGAAGGGC
B	AGCCTCTGAAGTAG
B	AGCCTCTGATACCG
B	AGCCTCTGCGAGAG
B	AGCCTCTGTACTCT
B	AGCCTCTGTGGAAA
B	AGCGAACTCTGAGT
B	AGCGAACTGAGCTT
B	AGCGAACTGGACGA
B	AGCGATACCACTCC
B	AGCGATACCAGATC
B	AGCGATACCCAAGT
B	AGCGATACCGCAAT
B	AGCGATACCTTACT
B	AGCGATACTTCGTT
B	AGCGATTGATAAGG
B	AGCGATTGGACTAC
B	AGCGATTGTCAGTG
B	AGCGCCGAAACCAC
B	AGCGCTCTACTACG
B	AGCGCTCTCAGAGG
B	AGCGCTCTCGCCTT
B	AGCGCTCTTTGACG
B	AGCGGCACCTCATT
B	AGCGGCACGATAAG
B	AGCGGCACTAAGCC
B	AGCGGCACTGACAC
B	AGCGGCACTTGTCT
B	AGCGGCTGCAACCA
B	AGCGGCTGCCACCT
B	AGCGGCTGCCCAAA
B	AGCGGCTGGTATGC
B	AGCGGGCTACGACT
B	AGCGGGCTGATAGA
B	AGCGGGCTTACTTC
B	AGCGTAACACGTTG
B	AGCGTAACCCTTAT
B	AGCGTAACGGAACG
B	AGCGTAACTTATCC
B	AGCTCGCTAAGTAG
B	AGCTCGCTAATGCC
B	AGCTCGCTGACACT
B	AGCTGAACCGAACT
B	AGCTGAACGAGCTT
B	AGCTGAACGCGAAG
B	AGCTGAACGGTCTA
B	AGCTGAACTGGTAC
B	AGCTGCCTAACCAC
B	AGCTGCCTACAGCT
B	AGCTGCCTAGAAGT
B	AGCTGCCTAGTCAC
B	AGCTGCCTCCGATA
B	AGCTGCCTCTCCCA
B	AGCTGCCTTCTCGC
B	AGCTGCCTTTCAGG
B	AGCTGCCTTTTGCT
B	AGCTGTGAACCCTC
B	AGCTGTGAGCAGTT
B	AGCTGTGAGCGGAA
B	AGCTGTGAGCGTTA
B	AGCTGTGAGGAGCA
B	AGCTGTGATCTTAC
B	AGCTTACTAAAACG
B	AGCTTACTAGAGTA
B	AGCTTACTAGTGTC
B	AGCTTACTCTACCC
B	AGCTTTACCAATCG
B	AGCTTTACCTCGAA
B	AGCTTTACGCATAC
B	AGCTTTACTACAGC
B	AGCTTTACTGACAC
B	AGGAACCTGTGCAT
B	AGGAACCTTCGTTT
B	AGGAACCTTCTAGG
B	AGGAATGACCCGTT
B	AGGAATGAGACAAA
B	AGGAATGAGTCAAC
B	AGGACACTCGAACT
B	AGGACTTGCCAGTA
B	AGGACTTGCTGGAT
B	AGGACTTGGGAGGT
B	AGGACTTGGTTGGT
B	AGGAGTCTATAAGG
B	AGGAGTCTCACTGA
B	AGGAGTCTTCGCCT
B	AGGATAGAGCTACA
B	AGGATAGATACTTC
B	AGGATAGATGAGGG
B	AGGATAGATGTTCT
B	AGGATGCTTGTAGC
B	AGGCAACTAAGCCT
B	AGGCAACTGGTGAG
B	AGGCAACTGTCGTA
B	AGGCAACTTTACTC
B	AGGCAGGAACAGCT
B	AGGCAGGAAGGTCT
B	AGGCAGGAATGTCG
B	AGGCAGGACAGTCA
B	AGGCAGGACCAACA
B	AGGCAGGACCCACT
B	AGGCAGGAGCTGAT
B	AGGCAGGATCATTC
B	AGGCAGGATTCGTT
B	AGGCCTCTCCTCAC
B	AGGCCTCTCTCTCG
B	AGGCCTCTCTTGCC
B	AGGCCTCTTACGAC
B	AGGCCTCTTTCAGG
B	AGGCTAACCTTGAG
B	AGGCTAACGGAGGT
B	AGGCTAACGGCGAA
B	AGGCTAACGGTTTG
B	AGGCTAACTGTGAC
B	AGGCTAACTTATCC
B	AGGGACGAACGTAC
B	AGGGACGAAGTCGT
B	AGGGACGACGAACT
B	AGGGACGACGGGAA
B	AGGGACGACTCAAG
B	AGGGAGTGAGATCC
B	AGGGAGTGATGCCA
B	AGGGAGTGCATTCT
B	AGGGAGTGGCTAAC
B	AGGGAGTGGGAAAT
B	AGGGCCACGATGAA
B	AGGGCCTGATCGAC
B	AGGGCCTGCACACA
B	AGGGCCTGCTGGTA
B	AGGGCCTGGCCATA
B	AGGGCCTGGGTTTG
B	AGGGCCTGTCATTC
B	AGGGCCTGTGAGAA
B	AGGGCGCTACTACG
B	AGGGCGCTCCTACC
B	AGGGCGCTCGCTAA
B	AGGGCGCTTCCAGA
B	AGGGCGCTTGTGAC
B	AGGGCGCTTTTGGG
B	AGGGTGGAACCTGA
B	AGGGTGGACACTCC
B	AGGGTGGACGTGAT
B	AGGGTGGACTAGCA
B	AGGGTGGATCCTCG
B	AGGGTGGATCTTTG
B	AGGGTGGATGCTAG
B	AGGGTTTGATCACG
B	AGGGTTTGATCGTG
B	AGGGTTTGCAGAAA
B	AGGGTTTGGGAACG
B	AGGGTTTGGTGCAT
B	AGGGTTTGTCACCC
B	AGGTACACAGGAGC
B	AGGTACACCTAGTG
B	AGGTACACGCAGTT
B	AGGTACTGCTACTT
B	AGGTACTGGAGGTG
B	AGGTACTGGGACGA
B	AGGTCATGACCTAG
B	AGGTCATGAGACTC
B	AGGTCATGGGTCTA
B	AGGTCATGGTAAGA
B	AGGTCATGTAGCGT
B	AGGTCATGTGGAAA
B	AGGTCTGAAAGCCT
B	AGGTCTGAAATCGC
B	AGGTCTGATGGTTG
B	AGGTGGGAATAAGG
B	AGGTGGGACTTACT
B	AGGTGGGAGCGAGA
B	AGGTGGGATGTTTC
B	AGGTGTTGAACCTG
B	AGGTGTTGCACCAA
B	AGGTGTTGCCTTCG
B	AGGTGTTGGGTTAC
B	AGGTGTTGTCCGTC
B	AGGTGTTGTCTATC
B	AGGTGTTGTCTGGA
B	AGGTTCGAACTAGC
B	AGGTTCGAGGTACT
B	AGGTTCGAGTAAGA
B	AGGTTCGATCTTCA
B	AGGTTCGATTTGGG
B	AGGTTGTGCGAATC
B	AGGTTGTGGGGCAA
B	AGGTTGTGTCAAGC
B	AGGTTGTGTCGTTT
B	AGGTTGTGTGCAAC
B	AGGTTGTGTGGTCA
B	AGGTTGTGTTAGGC
B	AGTAAGGAACCGAT
B	AGTAAGGAATCTTC
B	AGTAAGGAGTTCTT
B	AGTAAGGATTGAGC
B	AGTAATACAGCAAA
B	AGTAATACAGCACT
B	AGTAATACATGCTG
B	AGTAATACTGCTTT
B	AGTAATACTGTCGA
B	AGTAATACTGTTTC
B	AGTAATTGACACTG
B	AGTAATTGCATTCT
B	AGTAATTGCGTAAC
B	AGTAATTGGACACT
B	AGTACGTGACTCAG
B	AGTACGTGATCGAC
B	AGTACGTGATCTTC
B	AGTACTCTAGGTTC
B	AGTACTCTCAACCA
B	AGTACTCTCAACTG
B	AGTACTCTCCTTAT
B	AGTACTCTCGTACA
B	AGTACTCTGTCTTT
B	AGTACTCTTCTCTA
B	AGTACTCTTTTCTG
B	AGTAGAGAAAAGTG
B	AGTAGAGAAGCAAA
B	AGTAGAGACACCAA
B	AGTAGAGACTGTCC
B	AGTAGAGATTCGGA
B	AGTAGGCTAACCAC
B	AGTAGGCTCCATAG
B	AGTAGGCTCGACAT
B	AGTATAACAGTACC
B	AGTATAACGAAAGT
B	AGTATAACGTAAAG
B	AGTATCCTAGAGAT
B	AGTATCCTAGCTAC
B	AGTATCCTCTGGAT
B	AGTCACGAAGAGTA
B	AGTCACGACCCTTG
B	AGTCACGACTTGGA
B	AGTCACGAGCCCTT
B	AGTCACGAGGGATG
B	AGTCAGACCAATCG
B	AGTCAGACCGCAAT
B	AGTCAGACGTGTCA
B	AGTCAGACGTGTTG
B	AGTCAGACTCTACT
B	AGTCAGACTTACTC
B	AGTCCAGATCGTTT
B	AGTCCAGATTCTCA
B	AGTCGAACCAGAGG
B	AGTCGAACCCCTTG
B	AGTCGAACGCCAAT
B	AGTCGAACGCGTTA
B	AGTCGAACTGCATG
B	AGTCGAACTTCCCG
B	AGTCGAACTTCTAC
B	AGTCGCCTCTACCC
B	AGTCGCCTGAGCTT
B	AGTCGCCTGATAGA
B	AGTCGCCTGGTACT
B	AGTCGCCTGTTCAG
B	AGTCGCCTTAGCCA
B	AGTCGCCTTCAAGC
B	AGTCGCCTTGCCTC
B	AGTCTACTCATTGG
B	AGTCTACTCCAAGT
B	AGTCTACTCTCCCA
B	AGTCTACTCTGAAC
B	AGTCTACTGCGTAT
B	AGTCTACTGCTTAG
B	AGTCTTACAGAATG
B	AGTCTTACTCTAGG
B	AGTCTTACTGCTAG
B	AGTCTTACTGGAGG
B	AGTGAAGAAACGGG
B	AGTGAAGAAAGGGC
B	AGTGAAGAGGATCT
B	AGTGACACCCGTAA
B	AGTGACACCTGGAT
B	AGTGACACGAACTC
B	AGTGACACGGACGA
B	AGTGACACTCACCC
B	AGTGACACTGGCAT
B	AGTGACACTTTACC
B	AGTGACTGACAGCT
B	AGTGACTGCTCCAC
B	AGTGACTGGAACTC
B	AGTGACTGTGTGCA
B	AGTGACTGTGTTTC
B	AGTGCAACACGTAC
B	AGTGCAACCATCAG
B	AGTGCAACCCGATA
B	AGTGCAACCTCTTA
B	AGTGCAACGTCATG
B	AGTGTGACAGTCAC
B	AGTGTGACCAGAGG
B	AGTGTGACCCGAAT
B	AGTGTGACTCCTAT
B	AGTGTTCTCACCAA
B	AGTGTTCTGGACGA
B	AGTTAAACAGATGA
B	AGTTAAACCCCTCA
B	AGTTAAACGCGAGA
B	AGTTAAACGCGTTA
B	AGTTAAACGGACAG
B	AGTTATGAACGACT
B	AGTTATGAAGAGGC
B	AGTTATGACTACGA
B	AGTTATGACTATTC
B	AGTTATGAGAGGAC
B	AGTTATGAGCTCCT
B	AGTTATGAGGAACG
B	AGTTATGATGTTTC
B	AGTTCTACAACCTG
B	AGTTCTACAGAGGC
B	AGTTCTACTCCTCG
B	AGTTCTACTCGTAG
B	AGTTCTACTCTTAC
B	AGTTCTTGGACAAA
B	AGTTCTTGGCGAAG
B	AGTTCTTGGTCACA
B	AGTTCTTGTGCCTC
B	AGTTCTTGTTCGTT
B	AGTTCTTGTTTCAC
B	AGTTGTCTAACGTC
B	AGTTGTCTAGTTCG
B	AGTTGTCTATGTCG
B	AGTTGTCTCCTCCA
B	AGTTGTCTCTACGA
B	AGTTGTCTCTCTAT
B	AGTTGTCTCTGTCC
B	AGTTGTCTGGTGAG
B	AGTTTAGACATCAG
B	AGTTTAGACCTGAA
B	AGTTTAGATGGAGG
B	AGTTTAGATTTCAC
B	AGTTTCACACTCAG
B	AGTTTCACCAGTCA
B	AGTTTCACCTGCTC
B	AGTTTCACCTTGGA
B	AGTTTGCTACCTAG
B	AGTTTGCTCGAATC
B	AGTTTGCTCTGCTC
B	AGTTTGCTGCGATT
B	ATAAACACACCAAC
B	ATAAACACCCACCT
B	ATAAACACTATCGG
B	ATAACAACACGGAG
B	ATAACAACATCTCT
B	ATAACAACCCTCGT
B	ATAACAACCGTTAG
B	ATAACAACCGTTGA
B	ATAACAACCTGCTC
B	ATAACAACCTTAGG
B	ATAACATGCTCATT
B	ATAACATGTCGATG
B	ATAACATGTGTCCC
B	ATAACATGTTCGCC
B	ATAACCCTATAAGG
B	ATAACCCTCCTTAT
B	ATAACCCTTTGACG
B	ATAAGTACAGTAGA
B	ATAAGTACAGTGCT
B	ATAAGTTGAAGGTA
B	ATAAGTTGACTTTC
B	ATAAGTTGAGGCGA
B	ATAAGTTGAGTCTG
B	ATAATCGAACTAGC
B	ATAATCGAGTTACG
B	ATAATCGATTCGGA
B	ATAATGACCAGTCA
B	ATAATGACCTCCAC
B	ATAATGACGACAAA
B	ATAATGACTCTTTG
B	ATACAATGACAGCT
B	ATACAATGACGTGT
B	ATACAATGCGTGAT
B	ATACAATGCTACTT
B	ATACAATGGGTACT
B	ATACAATGTTGGTG
B	ATACACCTAAGAGT
B	ATACACCTCATACG
B	ATACACCTCTAAGC
B	ATACACCTGGTAGG
B	ATACACCTTACTTC
B	ATACACCTTAGCGT
B	ATACCACTATAAGG
B	ATACCACTGCGATT
B	ATACCACTGTACAC
B	ATACCACTTGCCCT
B	ATACCTACAGCGTT
B	ATACCTACAGTCTG
B	ATACCTACCACTTT
B	ATACCTACCCTCAC
B	ATACCTACCGTAGT
B	ATACCTACTATGCG
B	ATACCTACTTGCAG
B	ATACCTTGGAAACA
B	ATACCTTGGGTGAG
B	ATACCTTGGTGTTG
B	ATACCTTGTGCCCT
B	ATACCTTGTTTCGT
B	ATACGGACACCATG
B	ATACGGACATACCG
B	ATACGGACGCATAC
B	ATACGGACTTCAGG
B	ATACGTCTCCAATG
B	ATACGTCTGACGTT
B	ATACGTCTTGTGAC
B	ATACTCTGACTAGC
B	ATACTCTGATGCTG
B	ATACTCTGTCCCAC
B	ATACTCTGTGGGAG
B	ATACTCTGTTCCCG
B	ATAGAACTAACGAA
B	ATAGAACTATGTGC
B	ATAGAACTCTGAGT
B	ATAGAACTGACACT
B	ATAGAACTGGTGAG
B	ATAGAACTTGCTCC
B	ATAGATACACGTTG
B	ATAGATACCAATCG
B	ATAGATACGTACGT
B	ATAGATACTACTCT
B	ATAGATACTCGCCT
B	ATAGATACTTCACT
B	ATAGATTGAGTCTG
B	ATAGATTGCACTGA
B	ATAGATTGTTGACG
B	ATAGCCGAACCTCC
B	ATAGCCGAAGCATC
B	ATAGCCGAGGTAGG
B	ATAGCCGAGTATGC
B	ATAGCGTGCAGTCA
B	ATAGCGTGCGAACT
B	ATAGCGTGCTCTCG
B	ATAGCGTGTCAGAC
B	ATAGCGTGTGAGGG
B	ATAGCGTGTGTAGC
B	ATAGCGTGTTCACT
B	ATAGCGTGTTCTCA
B	ATAGCTCTAAGCAA
B	ATAGCTCTACGCTA
B	ATAGCTCTCATGGT
B	ATAGCTCTGAATGA
B	ATAGCTCTTATGGC
B	ATAGCTCTTCGCTC
B	ATAGCTCTTTTACC
B	ATAGGAGACCTCAC
B	ATAGGAGACTCATT
B	ATAGGAGAGACGTT
B	ATAGGAGAGCATCA
B	ATAGGAGATGACTG
B	ATAGGCTGGTTCTT
B	ATAGGCTGTGCAGT
B	ATAGTCCTAAGTAG
B	ATAGTCCTTCGTTT
B	ATAGTCCTTTGACG
B	ATAGTTGACTGCTC
B	ATAGTTGAGGTACT
B	ATATACGAACCAAC
B	ATATACGAACCACA
B	ATATACGAGCATAC
B	ATATACGAGCGAGA
B	ATATAGTGGAGACG
B	ATATAGTGGGACTT
B	ATATAGTGGTACGT
B	ATATAGTGTTTGTC
B	ATATGAACAGTGTC
B	ATATGAACCCAATG
B	ATATGAACCTATTC
B	ATATGAACGCGATT
B	ATATGAACTCTCAT
B	ATATGCCTCAATCG
B	ATATGCCTTACTCT
B	ATATGCCTTTCCAT
B	ATATGCCTTTCTAC
B	ATCAAATGACTCTT
B	ATCAAATGCATACG
B	ATCAAATGCTGTTT
B	ATCAAATGGGCGAA
B	ATCAAATGGGGATG
B	ATCAACCTAGAGGC
B	ATCAACCTCCCACT
B	ATCAACCTGCGTAT
B	ATCAACCTGTTTGG
B	ATCAACCTTATGGC
B	ATCAACCTTCCTGC
B	ATCAACCTTGGTAC
B	ATCAACCTTTTGTC
B	ATCACACTCTACCC
B	ATCACACTCTGCTC
B	ATCACACTTACTGG
B	ATCACGGAACAGTC
B	ATCACGGACTTACT
B	ATCACGGAGCCAAT
B	ATCACTACCGATAC
B	ATCACTACTTAGGC
B	ATCACTACTTGACG
B	ATCACTACTTTACC
B	ATCACTTGATCTTC
B	ATCACTTGGCGGAA
B	ATCACTTGGTTCGA
B	ATCAGGTGCTGAAC
B	ATCAGGTGGTACCA
B	ATCAGGTGTACTCT
B	ATCAGGTGTAGCCA
B	ATCAGGTGTCAGAC
B	ATCATCTGACTGGT
B	ATCATCTGAGGGTG
B	ATCATCTGCCCTCA
B	ATCATCTGGTGCTA
B	ATCATGCTCTGTTT
B	ATCATGCTCTTACT
B	ATCATGCTTAGAGA
B	ATCCAGGAGAACCT
B	ATCCAGGAGCCTTC
B	ATCCATACACTGTG
B	ATCCATACCGGTAT
B	ATCCATACCTTGCC
B	ATCCATACTTGGCA
B	ATCCCGTGCCTGAA
B	ATCCCGTGCGTGAT
B	ATCCCGTGCTCGAA
B	ATCCCGTGGACTAC
B	ATCCGCACCCAATG
B	ATCCGCACTGCAGT
B	ATCCGCACTTCATC
B	ATCCTAACAAGCCT
B	ATCCTAACATCGAC
B	ATCCTAACCTCTCG
B	ATCCTAACGTTAGC
B	ATCCTAACTCCCGT
B	ATCCTAACTTTGGG
B	ATCGACGAAGGGTG
B	ATCGACGACCCACT
B	ATCGACGAGGTGAG
B	ATCGACGAGTTGCA
B	ATCGAGTGAGCTAC
B	ATCGAGTGATCACG
B	ATCGAGTGCCAGTA
B	ATCGAGTGCGCAAT
B	ATCGAGTGTACAGC
B	ATCGAGTGTGAGAA
B	ATCGAGTGTGCTTT
B	ATCGAGTGTTTGTC
B	ATCGCAGAATAAGG
B	ATCGCAGATGCCCT
B	ATCGCCACATGGTC
B	ATCGCCACCTCTAT
B	ATCGCCACCTGTTT
B	ATCGCCACTTGCAG
B	ATCGCCTGGAACTC
B	ATCGCCTGGTTGAC
B	ATCGCCTGTGACTG
B	ATCGCGCTGCTAAC
B	ATCGCGCTGGTCTA
B	ATCGCGCTGTAAAG
B	ATCGGAACCATGCA
B	ATCGGAACCTAAGC
B	ATCGGAACTCGCCT
B	ATCGGTGAACCTGA
B	ATCGGTGAGCAGTT
B	ATCGGTGAGGGATG
B	ATCGTTTGCGCATA
B	ATCGTTTGGCATAC
B	ATCGTTTGGGTCAT
B	ATCGTTTGGTGTTG
B	ATCGTTTGGTTGGT
B	ATCGTTTGTCCAAG
B	ATCTACACAAAGCA
B	ATCTACACACAGCT
B	ATCTACACCCTTCG
B	ATCTACACCTTCGC
B	ATCTACACGTAAAG
B	ATCTACACTAAGGA
B	ATCTACACTCTTCA
B	ATCTACACTTCTTG
B	ATCTACTGCTAGAC
B	ATCTACTGCTGTGA
B	ATCTACTGGCCTTC
B	ATCTACTGTACAGC
B	ATCTACTGTATTCC
B	ATCTACTGTTCATC
B	ATCTCAACCTACCC
B	ATCTCAACGAATAG
B	ATCTCAACGCATAC
B	ATCTCAACGTAAGA
B	ATCTCAACTACGAC
B	ATCTCAACTGGTGT
B	ATCTGACTTAGCGT
B	ATCTGGGAACCAAC
B	ATCTGGGAATCTTC
B	ATCTGGGAGGAGGT
B	ATCTGGGATATGGC
B	ATCTGGGATTTCAC
B	ATCTGTTGATGACC
B	ATCTGTTGCGTTAG
B	ATCTGTTGTATCGG
B	ATCTGTTGTCCGTC
B	ATCTGTTGTGACTG
B	ATCTTGACCATTCT
B	ATCTTGACGGAACG
B	ATCTTGACTCTACT
B	ATCTTGACTGGCAT
B	ATCTTGACTTGCTT
B	ATCTTTCTAAACGA
B	ATCTTTCTAGCGGA
B	ATCTTTCTCGTGTA
B	ATCTTTCTGCTATG
B	ATCTTTCTTAACCG
B	ATCTTTCTTCCCAC
B	ATGAAACTACTACG
B	ATGAAACTCGACTA
B	ATGAAACTTCTTAC
B	ATGAAGGAACACCA
B	ATGAAGGAAGTCAC
B	ATGAAGGACTAGAC
B	ATGAAGGATTCTAC
B	ATGACGTGAAGCCT
B	ATGACGTGAGCCTA
B	ATGACGTGATGACC
B	ATGACGTGCATGCA
B	ATGACGTGCTTGTT
B	ATGACGTGGGGCAA
B	ATGACGTGGTCTAG
B	ATGACGTGGTTACG
B	ATGACGTGGTTCTT
B	ATGACGTGTGAGAA
B	ATGAGAGAAAGGGC
B	ATGAGAGACTACGA
B	ATGAGAGAGCGAGA
B	ATGAGAGAGTGTAC
B	ATGAGCACAGATCC
B	ATGAGCACTGTCAG
B	ATGAGCACTGTGAC
B	ATGATAACAGAATG
B	ATGATAACAGAGTA
B	ATGATAACCGTGTA
B	ATGATAACTAAGCC
B	ATGATATGGCATCA
B	ATGATATGGTACAC
B	ATGATATGTAACGC
B	ATGATATGTGCCAA
B	ATGATATGTGTGCA
B	ATGATATGTTGCTT
B	ATGCACGAACCGAT
B	ATGCACGACCGAAT
B	ATGCACGACGTGAT
B	ATGCACGAGAGCAG
B	ATGCACGAGTAAAG
B	ATGCAGACAACTGC
B	ATGCAGACAAGTAG
B	ATGCAGACAGCATC
B	ATGCAGACATGTGC
B	ATGCAGACCTGTGA
B	ATGCAGTGAACCGT
B	ATGCAGTGAACCTG
B	ATGCAGTGAGTACC
B	ATGCAGTGATCGTG
B	ATGCAGTGCACTGA
B	ATGCAGTGCGTAGT
B	ATGCAGTGCTGCTC
B	ATGCAGTGTGGAAA
B	ATGCCAGACTCAGA
B	ATGCCAGACTTGTT
B	ATGCCAGAGAATGA
B	ATGCCAGAGCGAGA
B	ATGCCAGAGGTGGA
B	ATGCCAGATCCTGC
B	ATGCCGCTACGGAG
B	ATGCCGCTACTGGT
B	ATGCCGCTCTTAGG
B	ATGCCGCTGAGAGC
B	ATGCCGCTGGAGCA
B	ATGCGATGAGATCC
B	ATGCGATGAGTCGT
B	ATGCGATGCAGCTA
B	ATGCGATGGTTTCT
B	ATGCGCCTAGACTC
B	ATGCGCCTGTTCGA
B	ATGCTTTGAGCTAC
B	ATGCTTTGCGTTGA
B	ATGCTTTGCTAGTG
B	ATGCTTTGGAGGTG
B	ATGCTTTGGCAAGG
B	ATGGACACCAATCG
B	ATGGACACCATTGG
B	ATGGACACCCGATA
B	ATGGACACCCTTCG
B	ATGGACACCTTCTA
B	ATGGACACGTTGTG
B	ATGGGTACAGCGGA
B	ATGGGTACCTTGAG
B	ATGGGTACTGCGTA
B	ATGGTGACACGTAC
B	ATGGTGACGTGTCA
B	ATGGTGACTAGCCA
B	ATGTAAACAGCATC
B	ATGTAAACCAACCA
B	ATGTAAACCAGTCA
B	ATGTAAACCCCGTT
B	ATGTAAACGCTGTA
B	ATGTACCTCCATAG
B	ATGTACCTTTTGGG
B	ATGTCACTCCTTGC
B	ATGTCACTCGTGTA
B	ATGTCACTTCGTTT
B	ATGTCGGAAGGCGA
B	ATGTCGGACGATAC
B	ATGTCGGAGCGTAT
B	ATGTTAGAAACGAA
B	ATGTTAGACACTCC
B	ATGTTAGACTGCTC
B	ATGTTAGAGGGTGA
B	ATGTTAGATATCTC
B	ATGTTCACCAACCA
B	ATGTTCACCACCAA
B	ATGTTGCTCACCAA
B	ATGTTGCTCCTCGT
B	ATGTTGCTTCTACT
B	ATTAACGACCTCAC
B	ATTAACGACTTCCG
B	ATTAACGAGGCAAG
B	ATTAACGATAACGC
B	ATTAACGATCTCTA
B	ATTAAGACAGTTCG
B	ATTAAGACGGATCT
B	ATTAAGACGGTGGA
B	ATTACCACCCCGTT
B	ATTACCACCGTTAG
B	ATTACCACCTTACT
B	ATTACCACGAGCTT
B	ATTACCACGTTGTG
B	ATTACCACTGACCA
B	ATTACCACTTCTAC
B	ATTACCACTTTCTG
B	ATTACCTGAAGGTA
B	ATTACCTGAGATGA
B	ATTACCTGAGGTTC
B	ATTACCTGGTCTTT
B	ATTAGATGAGCTCA
B	ATTAGATGATGCTG
B	ATTAGATGCGCTAA
B	ATTAGATGCTGCAA
B	ATTAGATGTGGTTG
B	ATTAGTGACCATAG
B	ATTAGTGACCTTCG
B	ATTAGTGATCACCC
B	ATTAGTGATGTAGC
B	ATTATGGAAGTAGA
B	ATTATGGACCTTAT
B	ATTATGGACGATAC
B	ATTATGGAGGGATG
B	ATTATGGATGTGGT
B	ATTCAAGAATGGTC
B	ATTCAAGACAACTG
B	ATTCAAGACGATAC
B	ATTCAAGAGCTATG
B	ATTCAAGAGGTAAA
B	ATTCAGCTAAGCCT
B	ATTCAGCTACCACA
B	ATTCAGCTATTCTC
B	ATTCAGCTGTACCA
B	ATTCAGCTTGGCAT
B	ATTCCAACAGGCGA
B	ATTCCAACGCGGAA
B	ATTCCAACTAACCG
B	ATTCCATGAATCGC
B	ATTCCATGACACCA
B	ATTCCATGACCAAC
B	ATTCCATGACCAGT
B	ATTCCATGGAGCAG
B	ATTCCATGGCATCA
B	ATTCGACTAAGAAC
B	ATTCGACTACCGAT
B	ATTCGACTCCAACA
B	ATTCGACTGACGTT
B	ATTCGGGAAACCTG
B	ATTCGGGAGTGAGG
B	ATTCGGGATAACCG
B	ATTCTGACCACTTT
B	ATTCTGACCCGCTT
B	ATTCTGACGATAGA
B	ATTCTTCTATCTTC
B	ATTCTTCTCATGCA
B	ATTCTTCTGAAAGT
B	ATTCTTCTGGGTGA
B	ATTGAAACGCGAGA
B	ATTGAATGCTGGTA
B	ATTGAATGGAAACA
B	ATTGAATGTAAGCC
B	ATTGAATGTCCAGA
B	ATTGATGAACGTGT
B	ATTGATGATAGACC
B	ATTGATGATTTGCT
B	ATTGCACTCAGAAA
B	ATTGCACTGACAAA
B	ATTGCACTGGTCTA
B	ATTGCACTGGTGTT
B	ATTGCACTGGTTTG
B	ATTGCACTGTTACG
B	ATTGCACTTCATTC
B	ATTGCACTTGGTGT
B	ATTGCGGAAAGGGC
B	ATTGCGGAAAGTAG
B	ATTGCGGAAGAACA
B	ATTGCGGACCTTAT
B	ATTGCGGAGAGCTT
B	ATTGCGGAGCAAGG
B	ATTGCGGAGTTGGT
B	ATTGCTACAAAAGC
C	AAACATACCATGAC-1
C	AAACATACCCAACA-1
C	AAACATACGTTTCT-1
C	AAACATTGAGTCAC-1
C	AAACCGTGACCCAA-1
C	AAACCGTGGAGGCA-1
C	AAACCGTGTGTTTC-1
C	AAACGCTGCACACA-1
C	AAACGCTGTGTTCT-1
C	AAACTTGAGTTGGT-1
C	AAAGAGACTTCGCC-1
C	AAAGATCTCCAATG-1
C	AAAGATCTCTGTCC-1
C	AAAGATCTGATAAG-1
C	AAAGCAGACTGTTT-1
C	AAAGCAGAGAACCT-1
C	AAAGCCTGACGGTT-1
C	AAAGCCTGCCCAAA-1
C	AAAGCCTGTCAGAC-1
C	AAAGGCCTAAGGCG-1
C	AAAGGCCTTGACTG-1
C	AAAGTTTGAGCTCA-1
C	AAAGTTTGAGGTTC-1
C	AAAGTTTGAGTCTG-1
C	AAAGTTTGGCAGTT-1
C	AAATACTGAATCGC-1
C	AAATACTGACGTGT-1
C	AAATCAACGCGATT-1
C	AAATCAACTCCCGT-1
C	AAATCCCTATTGGC-1
C	AAATCTGAAGAGTA-1
C	AAATCTGACGCCTT-1
C	AAATCTGATTCTGT-1
C	AAATGGGAAAGATG-1
C	AAATGGGAATAAGG-1
C	AAATGGGACCTCGT-1
C	AAATGTTGCTGAAC-1
C	AAATTCGACTCAGA-1
C	AAATTCGACTGTTT-1
C	AACAAACTCATGGT-1
C	AACAAACTGTTGAC-1
C	AACAAACTTCTCGC-1
C	AACAAACTTGCCTC-1
C	AACAATACACGGGA-1
C	AACAATACATCGTG-1
C	AACAATACGTGTAC-1
C	AACAATACTGCAAC-1
C	AACACGTGCAGGAG-1
C	AACACTCTCAGTCA-1
C	AACACTCTGCATCA-1
C	AACAGAGACCGATA-1
C	AACAGAGATATCTC-1
C	AACAGAGATTCCGC-1
C	AACATATGGGGACA-1
C	AACCACGAACACTG-1
C	AACCACGACACACA-1
C	AACCACGACGAGAG-1
C	AACCACGAGTTGCA-1
C	AACCAGTGAAGAAC-1
C	AACCAGTGCGTGAT-1
C	AACCAGTGTCAGGT-1
C	AACCGATGGACGGA-1
C	AACCGATGTGAGAA-1
C	AACCGATGTGCTTT-1
C	AACCGCCTCGACTA-1
C	AACCGCCTTAGACC-1
C	AACCTTACTTTACC-1
C	AACCTTACTTTCAC-1
C	AACCTTTGATAAGG-1
C	AACCTTTGGCAGTT-1
C	AACCTTTGTATGCG-1
C	AACGCAACCTGAGT-1
C	AACGCATGCCCTTG-1
C	AACGCATGGGAAGC-1
C	AACGCCCTCCTCGT-1
C	AACGCCCTCTCAGA-1
C	AACGCCCTTCCGAA-1
C	AACGCCCTTCTTCA-1
C	AACGCCCTTGGAGG-1
C	AACGGTACCCTCAC-1
C	AACGGTACTATGCG-1
C	AACGGTTGGGAGGT-1
C	AACGGTTGTAGACC-1
C	AACGTCGAAACGGG-1
C	AACGTCGAACCTGA-1
C	AACGTCGAGCATAC-1
C	AACGTGTGCTCCCA-1
C	AACGTGTGTCGTGA-1
C	AACGTGTGTTCTCA-1
C	AACGTTCTAAGTGA-1
C	AACGTTCTGGTGGA-1
C	AACTACCTATTCGG-1
C	AACTACCTATTTCC-1
C	AACTACCTCATGCA-1
C	AACTCACTACGTGT-1
C	AACTCACTAGCAAA-1
C	AACTCACTATGGTC-1
C	AACTCACTGATGAA-1
C	AACTCGGACCCTCA-1
C	AACTCGGATGTCCC-1
C	AACTCTTGCCCGTT-1
C	AACTCTTGCCGATA-1
C	AACTGTCTAGTCGT-1
C	AACTTGCTACCTTT-1
C	AACTTGCTAGACTC-1
C	AACTTGCTAGCATC-1
C	AACTTGCTCTACGA-1
C	AACTTGCTGCCCTT-1
C	AACTTGCTTGGAGG-1
C	AAGAACGAAAGTAG-1
C	AAGAACGATAGTCG-1
C	AAGAACGATCTAGG-1
C	AAGAAGACATGACC-1
C	AAGAAGACGCCTTC-1
C	AAGAATCTCCTCCA-1
C	AAGAATCTGGCAAG-1
C	AAGAATCTTGTGCA-1
C	AAGACAGAGCAGAG-1
C	AAGACAGAGCGTTA-1
C	AAGACAGAGGCGAA-1
C	AAGAGATGACGGTT-1
C	AAGAGATGGCATCA-1
C	AAGAGATGGGGCAA-1
C	AAGAGATGGTGAGG-1
C	AAGATGGATAAGGA-1
C	AAGATTACACGTGT-1
C	AAGATTACAGATGA-1
C	AAGCAAGAATCGTG-1
C	AAGCAAGATGTGGT-1
C	AAGCAAGATTTGTC-1
C	AAGCACTGATCTCT-1
C	AAGCACTGCAAAGA-1
C	AAGCACTGCTCGAA-1
C	AAGCACTGGCGAGA-1
C	AAGCACTGTTGGTG-1
C	AAGCCAACAGTACC-1
C	AAGCCAACCGATAC-1
C	AAGCCATGAGTCGT-1
C	AAGCCATGGTCTTT-1
C	AAGCCTGAACTTTC-1
C	AAGCCTGAGACGAG-1
C	AAGCCTGAGGTGTT-1
C	AAGCGACTGGTAAA-1
C	AAGCGTACATCACG-1
C	AAGCGTACCTTCTA-1
C	AAGCGTACGAGACG-1
C	AAGCGTACGCTATG-1
C	AAGCGTACGTAAGA-1
C	AAGGCTACAAGTGA-1
C	AAGGCTTGATTGGC-1
C	AAGGCTTGGAAAGT-1
C	AAGGCTTGGTTACG-1
C	AAGGTCACACGACT-1
C	AAGGTGCTCAACCA-1
C	AAGGTGCTGGGAGT-1
C	AAGGTGCTGTACGT-1
C	AAGGTGCTGTATCG-1
C	AAGGTGCTGTTTCT-1
C	AAGTAACTAAAAGC-1
C	AAGTAACTCCTGTC-1
C	AAGTAGGATCGTAG-1
C	AAGTATACAAGAGT-1
C	AAGTATACAATCGC-1
C	AAGTATACAGAATG-1
C	AAGTATACGAATGA-1
C	AAGTCCGAGAGACG-1
C	AAGTCCGAGATAAG-1
C	AAGTCCGAGCATCA-1
C	AAGTCTCTAAAAGC-1
C	AAGTCTCTTAGCCA-1
C	AAGTCTCTTCTTTG-1
C	AAGTCTCTTGTCCC-1
C	AAGTGCACCACACA-1
C	AAGTGCACCTGTTT-1
C	AAGTGCACGGCAAG-1
C	AAGTGGCTGACGAG-1
C	AAGTGGCTTGTTTC-1
C	AAGTTATGTAACGC-1
C	AAGTTCCTCTATTC-1
C	AATAACACCCGCTT-1
C	AATAACACGTCATG-1
C	AATAACACTACTGG-1
C	AATAAGCTAGTCTG-1
C	AATAAGCTGAATAG-1
C	AATAAGCTGGTAGG-1
C	AATAAGCTTCACCC-1
C	AATACCCTATCGTG-1
C	AATACTGACCGATA-1
C	AATACTGACGTTAG-1
C	AATACTGATGCGTA-1
C	AATAGGGAAAGAAC-1
C	AATAGGGAACACAC-1
C	AATAGGGAAGGTCT-1
C	AATAGGGACCTCCA-1
C	AATAGGGAGGCGAA-1
C	AATAGGGAGGTCTA-1
C	AATAGGGATTCAGG-1
C	AATAGGGATTCGGA-1
C	AATATCGAACGTTG-1
C	AATATCGACCATGA-1
C	AATATCGATATGCG-1
C	AATATCGATGATGC-1
C	AATCAAACCTAGAC-1
C	AATCAAACGGATTC-1
C	AATCCGGACTGAAC-1
C	AATCCTACCGGGAA-1
C	AATCCTTGGCAAGG-1
C	AATCCTTGGGTGAG-1
C	AATCCTTGGTTAGC-1
C	AATCCTTGTCCCAC-1
C	AATCCTTGTTACCT-1
C	AATCGGTGCCTTTA-1
C	AATCGGTGGAGAGC-1
C	AATCGGTGTGTCGA-1
C	AATCTAGACCATGA-1
C	AATCTAGAGGCAAG-1
C	AATCTCACGGACTT-1
C	AATCTCTGCCCTAC-1
C	AATCTCTGGGGAGT-1
C	AATCTCTGTGGTTG-1
C	AATGAGGACACACA-1
C	AATGATACACTGGT-1
C	AATGATACGACAGG-1
C	AATGATACGTCGTA-1
C	AATGATACTGAGAA-1
C	AATGATACTTATCC-1
C	AATGCGTGCCTACC-1
C	AATGCGTGTGGTTG-1
C	AATGGAGACCTCCA-1
C	AATGGAGATAGACC-1
C	AATGGAGATCCGTC-1
C	AATGGCTGACGCTA-1
C	AATGGCTGATCTTC-1
C	AATGGCTGCCGCTT-1
C	AATGGCTGGGATTC-1
C	AATGTAACGACGAG-1
C	AATGTAACGAGCTT-1
C	AATGTAACTCCGAA-1
C	AATGTAACTCGTAG-1
C	AATGTCCTTAGTCG-1
C	AATGTCCTTGTAGC-1
C	AATGTTGACTAGTG-1
C	AATGTTGATCCTGC-1
C	AATTCCTGCCAACA-1
C	AATTGATGCCTCGT-1
C	AATTGATGTAAGGA-1
C	AATTGTGATCGATG-1
C	ACAAAGGAAGTCAC-1
C	ACAAAGGAGAGCAG-1
C	ACAAATTGGATGAA-1
C	ACAAATTGTAACGC-1
C	ACAAATTGTCACCC-1
C	ACAAATTGTGGTAC-1
C	ACAACCGAGATGAA-1
C	ACAACCGATGATGC-1
C	ACAAGAGAACTACG-1
C	ACAAGCACCATGGT-1
C	ACAAGCACGGTTTG-1
C	ACAATAACTTACTC-1
C	ACAATAACTTCCAT-1
C	ACAATAACTTTCTG-1
C	ACAATCCTCTCGCT-1
C	ACAATTGAAGTAGA-1
C	ACAATTGAATTCTC-1
C	ACAATTGAGAGGAC-1
C	ACACAGACTCAAGC-1
C	ACACAGACTCAGGT-1
C	ACACAGACTGAGAA-1
C	ACACATCTACCTGA-1
C	ACACATCTAGTCAC-1
C	ACACATCTTTTACC-1
C	ACACCAGACCTGAA-1
C	ACACCAGACGACTA-1
C	ACACCAGATCGCTC-1
C	ACACCCTGCGCCTT-1
C	ACACGAACAGCCAT-1
C	ACACGAACAGTGCT-1
C	ACACGAACCCACAA-1
C	ACACGAACGAATGA-1
C	ACACGAACGAGACG-1
C	ACACGAACGATAAG-1
C	ACACGTGAACGCAT-1
C	ACACGTGACTGTGA-1
C	ACACGTGACTTCTA-1
C	ACACGTGACTTTAC-1
C	ACACGTGAGGAGTG-1
C	ACAGACACCCGCTT-1
C	ACAGCAACTTATCC-1
C	ACAGGTACAAACGA-1
C	ACAGGTACTCACGA-1
C	ACAGGTACTGACCA-1
C	ACAGTCGAGAACCT-1
C	ACAGTCGATGTCGA-1
C	ACAGTGACAGCCAT-1
C	ACAGTGACCGCATA-1
C	ACAGTTCTCGCCTT-1
C	ACATACCTGACAAA-1
C	ACATCACTACCCTC-1
C	ACATCACTACGGTT-1
C	ACATCACTAGCTCA-1
C	ACATCACTCATCAG-1
C	ACATCACTCCTCGT-1
C	ACATCACTCGGTAT-1
C	ACATCACTTGCAAC-1
C	ACATGGTGTAAGGA-1
C	ACATGGTGTTGCAG-1
C	ACATTCTGCCACAA-1
C	ACATTCTGGCTAAC-1
C	ACATTCTGGTATGC-1
C	ACCAACGACCATGA-1
C	ACCAACGAGGAGGT-1
C	ACCAACGAGGTCTA-1
C	ACCAACGATGTAGC-1
C	ACCACAGAGCTATG-1
C	ACCACAGAGCTGAT-1
C	ACCACCTGCTCAAG-1
C	ACCACGCTCTGGAT-1
C	ACCACGCTCTTCTA-1
C	ACCACGCTGGTGGA-1
C	ACCAGCCTAGAGAT-1
C	ACCAGCCTCTGGAT-1
C	ACCAGCCTGAGACG-1
C	ACCAGCCTTTTCTG-1
C	ACCAGTGAACTGGT-1
C	ACCAGTGAGACGAG-1
C	ACCATTACAAGGGC-1
C	ACCATTACACCAGT-1
C	ACCATTACCTCCAC-1
C	ACCATTTGACTTTC-1
C	ACCATTTGCCTCCA-1
C	ACCATTTGTCACGA-1
C	ACCCAAGATCTTTG-1
C	ACCCAAGATGCCCT-1
C	ACCCAGCTACGCTA-1
C	ACCCAGCTTGGAGG-1
C	ACCCGTACCACTAG-1
C	ACCCGTACCAGAGG-1
C	ACCCGTACCTCAAG-1
C	ACCCTCGACGGAGA-1
C	ACCCTCGAGAGCAG-1
C	ACCCTCGATTCAGG-1
C	ACCGAAACAGCACT-1
C	ACCGAAACAGTGTC-1
C	ACCGAAACGCGTAT-1
C	ACCGAAACTGCAAC-1
C	ACCGCGGAACACTG-1
C	ACCGCGGACGCATA-1
C	ACCTATTGCTGTCC-1
C	ACCTCCGACAGATC-1
C	ACCTCCGAGATACC-1
C	ACCTCGTGACTCAG-1
C	ACCTCGTGAGTCGT-1
C	ACCTCGTGCTGATG-1
C	ACCTCGTGGAGAGC-1
C	ACCTCGTGGTGTTG-1
C	ACCTCGTGTTGAGC-1
C	ACCTGAGAAGGTTC-1
C	ACCTGAGACTGAGT-1
C	ACCTGGCTACGGTT-1
C	ACCTGGCTAGCCAT-1
C	ACCTGGCTCGCTAA-1
C	ACCTGGCTGCTTCC-1
C	ACCTGGCTTCGATG-1
C	ACCTTTGAAAAGTG-1
C	ACCTTTGACCCGTT-1
C	ACCTTTGACCTTCG-1
C	ACGAACACACTGGT-1
C	ACGAACACAGGAGC-1
C	ACGAACTGTCTACT-1
C	ACGAAGCTCTGTTT-1
C	ACGAAGCTTGCGTA-1
C	ACGAAGCTTTGTGG-1
C	ACGACAACACACGT-1
C	ACGACAACCTCCCA-1
C	ACGACCCTCGTTAG-1
C	ACGAGGGATATCGG-1
C	ACGAGTACGTACAC-1
C	ACGATCGACCGATA-1
C	ACGATCGAGCTTAG-1
C	ACGATCGAGTTGAC-1
C	ACGATGACACCTCC-1
C	ACGATGACAGCGTT-1
C	ACGATGACATCGAC-1
C	ACGATGACTTTGCT-1
C	ACGATTCTACGACT-1
C	ACGATTCTCACCAA-1
C	ACGATTCTCTTCCG-1
C	ACGATTCTTGAGCT-1
C	ACGCAATGATCGGT-1
C	ACGCAATGGGAGCA-1
C	ACGCAATGTACGAC-1
C	ACGCAATGTGCACA-1
C	ACGCAATGTTCTAC-1
C	ACGCAATGTTGACG-1
C	ACGCACCTCGCAAT-1
C	ACGCACCTTACTCT-1
C	ACGCACCTTGTCCC-1
C	ACGCACCTTTCACT-1
C	ACGCCACTATGTGC-1
C	ACGCCGGAAAAGCA-1
C	ACGCCGGACATACG-1
C	ACGCCGGAGCCAAT-1
C	ACGCCGGAGTACGT-1
C	ACGCCTTGAGCTAC-1
C	ACGCGGTGTCAGAC-1
C	ACGCGGTGTTGGCA-1
C	ACGCTCACCAGAAA-1
C	ACGCTCACCGTAGT-1
C	ACGCTCACTCAGTG-1
C	ACGCTCACTCTATC-1
C	ACGCTGCTGTAGGG-1
C	ACGCTGCTTCCAAG-1
C	ACGCTGCTTTACTC-1
C	ACGGAACTTCCGTC-1
C	ACGGAACTTCGTTT-1
C	ACGGAACTTGAACC-1
C	ACGGAACTTGGCAT-1
C	ACGGAGGAAGTGCT-1
C	ACGGAGGACCCACT-1
C	ACGGAGGACTTGAG-1
C	ACGGAGGAGTTTCT-1
C	ACGGCGTGCATTGG-1
C	ACGGCGTGCCCACT-1
C	ACGGCGTGCTGGAT-1
C	ACGGCGTGGGATCT-1
C	ACGGGAGAGCGTAT-1
C	ACGGTAACCCCACT-1
C	ACGGTAACCCCTAC-1
C	ACGGTAACCCTATT-1
C	ACGGTAACGACAAA-1
C	ACGGTAACTTTCAC-1
C	ACGGTATGACTAGC-1
C	ACGGTATGATCTCT-1
C	ACGGTCCTCGAGAG-1
C	ACGGTCCTGTATGC-1
C	ACGTAGACGTCTTT-1
C	ACGTAGACTGTCGA-1
C	ACGTCAGAAAAACG-1
C	ACGTCAGAACGACT-1
C	ACGTCAGAAGCTCA-1
C	ACGTCAGACGTGTA-1
C	ACGTCCTGCCTAAG-1
C	ACGTCCTGGCGAGA-1
C	ACGTCCTGGTCTTT-1
C	ACGTCCTGTTGGCA-1
C	ACGTCGCTACCAAC-1
C	ACGTCGCTAGAAGT-1
C	ACGTCGCTAGCCAT-1
C	ACGTCGCTCCGAAT-1
C	ACGTCGCTCGGTAT-1
C	ACGTGATGATGGTC-1
C	ACGTGCCTCCTGAA-1
C	ACGTGCCTGATAGA-1
C	ACGTGCCTTTGGCA-1
C	ACGTTACTGTGCTA-1
C	ACGTTACTGTTCAG-1
C	ACGTTACTTGTAGC-1
C	ACGTTGGAACGTGT-1
C	ACGTTGGACTTGAG-1
C	ACGTTGGAGCTGAT-1
C	ACGTTGGAGTGTCA-1
C	ACGTTGGATCGTGA-1
C	ACGTTTACCCACAA-1
C	ACGTTTACGCTTAG-1
C	ACTAAAACCCTAAG-1
C	ACTACGGACCTGAA-1
C	ACTAGGTGAACGAA-1
C	ACTAGGTGGAGAGC-1
C	ACTAGGTGGCATAC-1
C	ACTAGGTGGCTGAT-1
C	ACTAGGTGGGGATG-1
C	ACTAGGTGTAGAGA-1
C	ACTAGGTGTTGGCA-1
C	ACTATCACCCTATT-1
C	ACTATCACGCGAGA-1
C	ACTATCACTAGAAG-1
C	ACTATCACTTTCTG-1
C	ACTCAGGAGAGGGT-1
C	ACTCAGGAGGACGA-1
C	ACTCCCGAAGAGGC-1
C	ACTCCCGAATCTCT-1
C	ACTCCCGACAAAGA-1
C	ACTCCCGACCTCCA-1
C	ACTCCCGAGACGGA-1
C	ACTCCCGAGTCGAT-1
C	ACTCCCGATTGACG-1
C	ACTCCTCTACGTAC-1
C	ACTCCTCTTGTGCA-1
C	ACTCGAGACATGAC-1
C	ACTCGCACGCGATT-1
C	ACTCTATGAACGGG-1
C	ACTCTATGGTACGT-1
C	ACTCTATGTGCTGA-1
C	ACTGAGACAAGCCT-1
C	ACTGAGACCGCAAT-1
C	ACTGAGACTGCTAG-1
C	ACTGCCACACTAGC-1
C	ACTGCCACGCTTAG-1
C	ACTGCCACTTGCAG-1
C	ACTGCCTGCGACTA-1
C	ACTGCCTGCTCGCT-1
C	ACTGTGGAGAGGGT-1
C	ACTGTGGATCCAAG-1
C	ACTGTTACCATGCA-1
C	ACTGTTACGGTCTA-1
C	ACTGTTACGTAGGG-1
C	ACTGTTACTGGTTG-1
C	ACTTAAGACCGAAT-1
C	ACTTAAGAGTTGGT-1
C	ACTTAAGATGACAC-1
C	ACTTAAGATGGTGT-1
C	ACTTAGCTCGCAAT-1
C	ACTTAGCTTCTTTG-1
C	ACTTCAACCTACGA-1
C	ACTTCAACGGAGTG-1
C	ACTTCAACGTGCAT-1
C	ACTTCAACTTTCGT-1
C	ACTTCCCTTCCGAA-1
C	ACTTCCCTTGTTCT-1
C	ACTTCTGACCTCGT-1
C	ACTTCTGAGCCTTC-1
C	ACTTGACTATGCCA-1
C	ACTTGGGACTACCC-1
C	ACTTGGGAGGCGAA-1
C	ACTTGTACCAGCTA-1
C	ACTTGTACGACACT-1
C	ACTTGTACTGAACC-1
C	ACTTGTACTTACTC-1
C	ACTTTGTGCAGCTA-1
C	ACTTTGTGCTTCGC-1
C	ACTTTGTGGCGTAT-1
C	ACTTTGTGTGCTGA-1
C	AGAAACGAACTGGT-1
C	AGAAACGAAGCGGA-1
C	AGAAACGACAACTG-1
C	AGAAACGAGATAGA-1
C	AGAAACGATTCGTT-1
C	AGAACAGACTGAAC-1
C	AGAACAGAGGGAGT-1
C	AGAACGCTAAGCAA-1
C	AGAACGCTATTCTC-1
C	AGAACGCTTTCATC-1
C	AGAAGATGCGTGAT-1
C	AGAAGATGCTTAGG-1
C	AGAATACTAAAGTG-1
C	AGAATGGAAAGAGT-1
C	AGAATGGAAAGGCG-1
C	AGAATGGAATAAGG-1
C	AGAATGGAGGGATG-1
C	AGAATGGATAACGC-1
C	AGAATGGATATCGG-1
C	AGAATGGATCCTGC-1
C	AGAATTTGCTTCGC-1
C	AGAATTTGTCTGGA-1
C	AGACACACCTACCC-1
C	AGACACACCTGTGA-1
C	AGACACACTGTGAC-1
C	AGACACTGGGAACG-1
C	AGACCTGAATCTTC-1
C	AGACCTGAGTCAAC-1
C	AGACGTACACCCTC-1
C	AGACGTACAGGCGA-1
C	AGACGTACCCGAAT-1
C	AGACTCGAGTTAGC-1
C	AGACTCGATCCGTC-1
C	AGACTCGATGAAGA-1
C	AGACTCGATTGTCT-1
C	AGACTGACATCACG-1
C	AGACTGACGTATGC-1
C	AGACTTCTTACTTC-1
C	AGAGAAACCAGAGG-1
C	AGAGAAACTCTCCG-1
C	AGAGAATGTCGTGA-1
C	AGAGATGAACAGTC-1
C	AGAGATGAACTCTT-1
C	AGAGATGATTGGCA-1
C	AGAGCGGAACGGTT-1
C	AGAGCGGATATTCC-1
C	AGAGCGGATGCCTC-1
C	AGAGCTACAGCCAT-1
C	AGAGCTACCCGAAT-1
C	AGAGCTACGTCTGA-1
C	AGAGGTCTAGTCGT-1
C	AGAGGTCTCCTCCA-1
C	AGAGGTCTCCTTCG-1
C	AGAGGTCTGTTCTT-1
C	AGAGTCACCAAGCT-1
C	AGAGTCACCGTAAC-1
C	AGAGTCACTTCTAC-1
C	AGAGTCTGAGCGTT-1
C	AGAGTCTGGTTCAG-1
C	AGAGTGCTGTCTTT-1
C	AGATATACAAAGCA-1
C	AGATATACACTCTT-1
C	AGATATACATCAGC-1
C	AGATATACCCTGAA-1
C	AGATATACCTATGG-1
C	AGATATACGGGAGT-1
C	AGATATACGTCCTC-1
C	AGATATACTATTCC-1
C	AGATATACTCACGA-1
C	AGATATTGCGTCTC-1
C	AGATATTGCTTAGG-1
C	AGATATTGGTATCG-1
C	AGATCGTGAGATGA-1
C	AGATCTCTTCCGTC-1
C	AGATCTCTTGTTCT-1
C	AGATTAACCCTTCG-1
C	AGATTAACCTTGAG-1
C	AGATTAACGTAAGA-1
C	AGATTCCTAAGAAC-1
C	AGATTCCTGCTATG-1
C	AGCAAAGATAGAGA-1
C	AGCAACACGGAGTG-1
C	AGCAACACTGCAGT-1
C	AGCAACACTGTGAC-1
C	AGCAAGCTGGATTC-1
C	AGCAAGCTTAACGC-1
C	AGCACAACAACCGT-1
C	AGCACAACCCTAAG-1
C	AGCACTGAAAGCCT-1
C	AGCACTGAGAATAG-1
C	AGCACTGAGAGGCA-1
C	AGCACTGATAAGGA-1
C	AGCACTGATCACCC-1
C	AGCACTGATTCCGC-1
C	AGCATCGAGTTCAG-1
C	AGCATCGATGGCAT-1
C	AGCATGACAAGGCG-1
C	AGCATGACACCGAT-1
C	AGCATGACCAGATC-1
C	AGCATGACCATGAC-1
C	AGCATGACTCGTGA-1
C	AGCATTCTCTGGAT-1
C	AGCATTCTCTTGTT-1
C	AGCATTCTGCCTTC-1
C	AGCATTCTGGTCTA-1
C	AGCATTCTGTTACG-1
C	AGCATTCTTGCCCT-1
C	AGCCAATGACGTTG-1
C	AGCCAATGCTCGCT-1
C	AGCCACCTAACCGT-1
C	AGCCACCTAGTACC-1
C	AGCCACCTCTCCAC-1
C	AGCCACCTCTTGAG-1
C	AGCCACCTGACACT-1
C	AGCCGGACAGTACC-1
C	AGCCGGACGGACAG-1
C	AGCCGGACTATGGC-1
C	AGCCGGTGCCTAAG-1
C	AGCCGGTGTTTGTC-1
C	AGCCGTCTAACGAA-1
C	AGCCGTCTGACACT-1
C	AGCCGTCTTTACCT-1
C	AGCCGTCTTTCCAT-1
C	AGCCGTCTTTCTGT-1
C	AGCCGTCTTTTGTC-1
C	AGCCTCACGTATCG-1
C	AGCCTCACTCACCC-1
C	AGCCTCTGGGTTAC-1
C	AGCCTCTGGTACCA-1
C	AGCCTCTGTAGCCA-1
C	AGCCTCTGTTTCAC-1
C	AGCGAACTAGTGTC-1
C	AGCGATACACCAAC-1
C	AGCGATACGAGAGC-1
C	AGCGATACGCAAGG-1
C	AGCGATTGCTGTTT-1
C	AGCGATTGTGATGC-1
C	AGCGCCGAAAAACG-1
C	AGCGCCGAGAATCC-1
C	AGCGCCGAGACGTT-1
C	AGCGCTCTCATCAG-1
C	AGCGCTCTCCGCTT-1
C	AGCGCTCTTTATCC-1
C	AGCGGCACCTCTCG-1
C	AGCGGCACTTGCGA-1
C	AGCGGGCTCTAGCA-1
C	AGCGGGCTCTTATC-1
C	AGCGGGCTGCTGAT-1
C	AGCGGGCTGTCCTC-1
C	AGCGGGCTTCTTCA-1
C	AGCGTAACTGTTCT-1
C	AGCTCGCTCTCCAC-1
C	AGCTCGCTGACGAG-1
C	AGCTCGCTTTCCAT-1
C	AGCTGAACCTCTAT-1
C	AGCTGAACGCAGAG-1
C	AGCTGCCTCCTATT-1
C	AGCTGCCTCTCCCA-1
C	AGCTGCCTTCTTAC-1
C	AGCTGTGAATCTCT-1
C	AGCTGTGACCCAAA-1
C	AGCTGTGAGCCCTT-1
C	AGCTGTGAGTCATG-1
C	AGCTTTACAAGGCG-1
C	AGCTTTACGTGTCA-1
C	AGCTTTACTGCGTA-1
C	AGCTTTACTGTGAC-1
C	AGGAACCTAAAAGC-1
C	AGGAACCTGAGGAC-1
C	AGGAACCTGTGTCA-1
C	AGGAACCTTGACCA-1
C	AGGAATGATTTCAC-1
C	AGGACACTCACTTT-1
C	AGGACACTGGGAGT-1
C	AGGACACTGTCAAC-1
C	AGGACACTTTGCTT-1
C	AGGACTTGAAGAGT-1
C	AGGACTTGCGCCTT-1
C	AGGACTTGGACAAA-1
C	AGGACTTGGGTCAT-1
C	AGGACTTGTCTTCA-1
C	AGGACTTGTTGCTT-1
C	AGGAGTCTAGACTC-1
C	AGGAGTCTCGTGTA-1
C	AGGAGTCTTTCATC-1
C	AGGATAGAGCGATT-1
C	AGGATGCTATTCGG-1
C	AGGCAACTGAACTC-1
C	AGGCCTCTAAAGCA-1
C	AGGCCTCTCGAATC-1
C	AGGCTAACACCCTC-1
C	AGGGACGAATGCCA-1
C	AGGGCCACCTACTT-1
C	AGGGCCACGACGTT-1
C	AGGGCCACGCGATT-1
C	AGGGCCACGTGTCA-1
C	AGGGCCTGTCGTTT-1
C	AGGGCGCTATACCG-1
C	AGGGCGCTGACTAC-1
C	AGGGCGCTTGAACC-1
C	AGGGCGCTTGTTCT-1
C	AGGGTGGAAAAGCA-1
C	AGGGTTTGACCTGA-1
C	AGGGTTTGATCTCT-1
C	AGGGTTTGGTTCAG-1
C	AGGGTTTGGTTGGT-1
C	AGGGTTTGTTTGGG-1
C	AGGTACACCTCCAC-1
C	AGGTACTGCTCAGA-1
C	AGGTCATGAGAATG-1
C	AGGTCATGATACCG-1
C	AGGTCATGTGCAAC-1
C	AGGTGGGACGTGTA-1
C	AGGTGGGAGTTGGT-1
C	AGGTGGGATCCCGT-1
C	AGGTGTTGAGTGCT-1
C	AGGTGTTGCACCAA-1
C	AGGTGTTGGGCGAA-1
C	AGGTTCGACCAACA-1
C	AGGTTCGATCTTAC-1
C	AGTAAGGAATCACG-1
C	AGTAAGGAGACGTT-1
C	AGTAAGGATTGCTT-1
C	AGTAATACGCTACA-1
C	AGTAATACGGACAG-1
C	AGTAATACGTCGAT-1
C	AGTAATACTCCCAC-1
C	AGTAATACTTGGCA-1
C	AGTAATTGACCTGA-1
C	AGTACGTGATCACG-1
C	AGTACGTGCACTTT-1
C	AGTACGTGTACAGC-1
C	AGTACGTGTAGAAG-1
C	AGTACTCTCTAGTG-1
C	AGTACTCTCTGTCC-1
C	AGTACTCTTTACCT-1
C	AGTAGAGAAGATGA-1
C	AGTAGAGACTTGGA-1
C	AGTAGAGAGGCAAG-1
C	AGTAGAGATGCCCT-1
C	AGTAGAGATGGGAG-1
C	AGTAGGCTCCTACC-1
C	AGTAGGCTGGAAGC-1
C	AGTATAACACAGCT-1
C	AGTATAACGGTGTT-1
C	AGTATAACTAGAAG-1
C	AGTATAACTGTCTT-1
C	AGTATCCTGGTGGA-1
C	AGTATCCTTTCGCC-1
C	AGTCACGAACACCA-1
C	AGTCACGAACCGAT-1
C	AGTCACGACTTCTA-1
C	AGTCACGATCCTCG-1
C	AGTCACGATTGACG-1
C	AGTCACGATTTCAC-1
C	AGTCAGACCCTGTC-1
C	AGTCAGACTGCCTC-1
C	AGTCCAGAATACCG-1
C	AGTCCAGACCTGTC-1
C	AGTCCAGAGCTACA-1
C	AGTCCAGAGTGAGG-1
C	AGTCCAGAGTTGCA-1
C	AGTCGAACATCTTC-1
C	AGTCGAACTGACCA-1
C	AGTCGCCTCGTGTA-1
C	AGTCGCCTCTCATT-1
C	AGTCTACTTATGCG-1
C	AGTCTTACCGCCTT-1
C	AGTCTTACCTTGAG-1
C	AGTCTTACGAGATA-1
C	AGTCTTACTGAGCT-1
C	AGTGAAGAACCCTC-1
C	AGTGAAGACGACAT-1
C	AGTGAAGATCGACA-1
C	AGTGACACAAAGCA-1
C	AGTGACACCTTCGC-1
C	AGTGACACGGCAAG-1
C	AGTGACTGAGCACT-1
C	AGTGACTGCTGTTT-1
C	AGTGACTGGCGAGA-1
C	AGTGCAACCTCTCG-1
C	AGTGTGACAAAGTG-1
C	AGTGTGACCCTCGT-1
C	AGTGTGACGACGGA-1
C	AGTGTTCTGACGAG-1
C	AGTTAAACCCAAGT-1
C	AGTTAAACGAGATA-1
C	AGTTAAACGGTAGG-1
C	AGTTAAACGTGAGG-1
C	AGTTATGAACAGTC-1
C	AGTTATGAAGCATC-1
C	AGTTATGACGTTAG-1
C	AGTTCTACGTTGAC-1
C	AGTTCTACTGCAAC-1
C	AGTTCTTGTGAGGG-1
C	AGTTGTCTAAGTGA-1
C	AGTTGTCTTCTTTG-1
C	AGTTGTCTTGGTCA-1
C	AGTTGTCTTTGTCT-1
C	AGTTTAGAAAGAAC-1
C	AGTTTAGAACCATG-1
C	AGTTTAGAAGTGCT-1
C	AGTTTAGAGTTGCA-1
C	AGTTTAGATTTCTG-1
C	AGTTTCACAGGTCT-1
C	AGTTTCACGTACGT-1
C	AGTTTGCTACACCA-1
C	AGTTTGCTCCAATG-1
C	AGTTTGCTGAAACA-1
C	AGTTTGCTGTCACA-1
C	AGTTTGCTTCTAGG-1
C	ATAAACACCTTCTA-1
C	ATAAACACTGCAGT-1
C	ATAAACACTGGTAC-1
C	ATAACAACTTTCAC-1
C	ATAACATGACGACT-1
C	ATAACATGACTACG-1
C	ATAACATGCCTTGC-1
C	ATAACATGGCTCCT-1
C	ATAACCCTAACGAA-1
C	ATAACCCTATTCGG-1
C	ATAACCCTCAACCA-1
C	ATAACCCTGACGAG-1
C	ATAACCCTGGGACA-1
C	ATAAGTACCGCTAA-1
C	ATAAGTACTCGCTC-1
C	ATAAGTACTTGTCT-1
C	ATAAGTTGGCCTTC-1
C	ATAATCGATCCTCG-1
C	ATAATGACCAAAGA-1
C	ATAATGACCACTTT-1
C	ATAATGACCAGTTG-1
C	ATAATGACTCCCGT-1
C	ATACAATGACGCAT-1
C	ATACAATGACGCTA-1
C	ATACAATGAGTTCG-1
C	ATACACCTCCGAAT-1
C	ATACACCTGCGTAT-1
C	ATACCACTATCTCT-1
C	ATACCACTGCAGTT-1
C	ATACCACTTATGCG-1
C	ATACCGGAAAAACG-1
C	ATACCGGAGCATCA-1
C	ATACCGGATGTGAC-1
C	ATACCTACACAGTC-1
C	ATACCTACAGTCGT-1
C	ATACCTTGAGCCAT-1
C	ATACGGACAGAGGC-1
C	ATACGGACGGATCT-1
C	ATACGTCTGGGTGA-1
C	ATACGTCTGTCCTC-1
C	ATACGTCTTGCATG-1
C	ATACTCTGCTGTTT-1
C	ATAGAACTCTATGG-1
C	ATAGAACTGAGATA-1
C	ATAGAACTTTCGCC-1
C	ATAGATACACCCAA-1
C	ATAGATTGAAAAGC-1
C	ATAGATTGAGCACT-1
C	ATAGATTGGTCATG-1
C	ATAGATTGGTTGCA-1
C	ATAGATTGTGTGAC-1
C	ATAGCCGACTCGCT-1
C	ATAGCCGACTGAGT-1
C	ATAGCCGAGGTAAA-1
C	ATAGCCGATCCGTC-1
C	ATAGCGTGCCGAAT-1
C	ATAGCGTGCGTACA-1
C	ATAGCGTGCTATTC-1
C	ATAGCTCTCTCGCT-1
C	ATAGCTCTTAGAGA-1
C	ATAGGAGATTCTTG-1
C	ATAGGCTGATCTTC-1
C	ATAGGCTGCTTGGA-1
C	ATAGGCTGGGTGAG-1
C	ATAGTCCTAAGTAG-1
C	ATAGTCCTACCTAG-1
C	ATAGTCCTAGCATC-1
C	ATAGTCCTGACAAA-1
C	ATAGTTGACCTATT-1
C	ATAGTTGATAAGGA-1
C	ATAGTTGATTTGGG-1
C	ATATACGAAGGAGC-1
C	ATATACGATGACTG-1
C	ATATGAACCTAGAC-1
C	ATATGAACGCTGAT-1
C	ATATGAACGGGATG-1
C	ATATGAACTTCACT-1
C	ATATGCCTTTTCGT-1
C	ATCAAATGAATGCC-1
C	ATCAAATGTGGTTG-1
C	ATCAACCTAGAACA-1
C	ATCAACCTCTACTT-1
C	ATCAACCTGCTAAC-1
C	ATCAACCTTCCAAG-1
C	ATCACACTGACAAA-1
C	ATCACGGACTGTTT-1
C	ATCACGGATGCTCC-1
C	ATCACGGATTTGGG-1
C	ATCACTACCTACGA-1
C	ATCACTACTTGTGG-1
C	ATCACTTGTGGAGG-1
C	ATCAGGTGGCGTAT-1
C	ATCAGGTGGTGCAT-1
C	ATCAGGTGTTCGCC-1
C	ATCATCTGCTCTAT-1
C	ATCATCTGGCGTAT-1
C	ATCATCTGGCTACA-1
C	ATCATGCTAACTGC-1
C	ATCATGCTGCAGTT-1
C	ATCATGCTGGCAAG-1
C	ATCCAGGAAGAACA-1
C	ATCCAGGACTCCAC-1
C	ATCCAGGAGTCGTA-1
C	ATCCAGGATTTGTC-1
C	ATCCATACACAGCT-1
C	ATCCATACGAAACA-1
C	ATCCATACTCTACT-1
C	ATCCATACTGTCGA-1
C	ATCCCGTGCGACAT-1
C	ATCCCGTGCTTCTA-1
C	ATCCCGTGTCGCCT-1
C	ATCCGCACAGGAGC-1
C	ATCCGCACCAGAAA-1
C	ATCCGCACTGCCAA-1
C	ATCCTAACAGATCC-1
C	ATCCTAACGAGGCA-1
C	ATCCTAACGTTCGA-1
C	ATCCTAACTCTTTG-1
C	ATCCTAACTGAGGG-1
C	ATCCTAACTGTGAC-1
C	ATCGACGACAACTG-1
C	ATCGAGTGCCTACC-1
C	ATCGCAGAAAAGCA-1
C	ATCGCCACGTATGC-1
C	ATCGCCACTGAACC-1
C	ATCGCCTGAAGGCG-1
C	ATCGCCTGGAACCT-1
C	ATCGCGCTTGCAAC-1
C	ATCGGAACGAGAGC-1
C	ATCGGAACGGAGTG-1
C	ATCGGAACTTCTCA-1
C	ATCGGTGAGACTAC-1
C	ATCGGTGAGAGACG-1
C	ATCGGTGAGGAGTG-1
C	ATCGTTTGAGTAGA-1
C	ATCGTTTGTCGTGA-1
C	ATCGTTTGTGAGAA-1
C	ATCTACACTACAGC-1
C	ATCTACACTTCAGG-1
C	ATCTACTGAGGCGA-1
C	ATCTACTGCTTAGG-1
C	ATCTACTGGACAAA-1
C	ATCTACTGGCTTAG-1
C	ATCTACTGGGACTT-1
C	ATCTCAACTCTAGG-1
C	ATCTGACTACCCTC-1
C	ATCTGACTACCTTT-1
C	ATCTGACTAGCCAT-1
C	ATCTGACTGAGGGT-1
C	ATCTGGGAACGCTA-1
C	ATCTGTTGTAAGCC-1
C	ATCTGTTGTCTTTG-1
C	ATCTTGACAAGAGT-1
C	ATCTTGACTGAGGG-1
C	ATCTTTCTGGACAG-1
C	ATCTTTCTTTCACT-1
C	ATGAAACTTCCCAC-1
